record_id,doi,year,signal,crossref_container,crossref_issn,issn_is_target,not_source_issn,container_is_target,signal_ok,title
97653,10.1111/cfs.12644,2020,prefix:10.1111,Child &amp; Family Social Work,"1356-7500,1365-2206",True,True,True,True,Care in crisis—Is there a solution? Reflections on the Care Crisis Review 2018
97654,10.1111/j.1365-2206.2009.00680.x,2010,prefix:10.1111,Child &amp; Family Social Work,"1356-7500,1365-2206",True,True,True,True,Erratum: Dyadic developmental psychotherapy: An effective and evidence-based treatment comments in response to Mercer and Pignotti (Child & Family Social Work (
97655,10.1111/j.1365-2206.2009.00617.x,2009,prefix:10.1111,Child &amp; Family Social Work,"1356-7500,1365-2206",True,True,True,True,"Editorial: High risk youth: Evidence on characteristics, needs and promising interventions"
97656,10.1111/j.1365-2206.2007.00540.x,2008,prefix:10.1111,Child &amp; Family Social Work,"1356-7500,1365-2206",True,True,True,True,Child and Family Social Work: Editorial
97657,10.1111/j.1365-2206.2006.00411.x,2006,prefix:10.1111,Child &amp; Family Social Work,"1356-7500,1365-2206",True,True,True,True,Play therapy with sexually abused children: Including parents in therapeutic play
97658,10.1111/j.1365-2206.2006.00409.x,2006,prefix:10.1111,Child &amp; Family Social Work,"1356-7500,1365-2206",True,True,True,True,Helping families when child sexual abuse is suspected but not proven
97659,10.1111/j.1365-2206.2006.00422.x,2006,prefix:10.1111,Child &amp; Family Social Work,"1356-7500,1365-2206",True,True,True,True,Essential elements of implementing a system of concurrent planning
97660,10.1111/j.1365-2206.2006.00436.x,2006,prefix:10.1111,Child &amp; Family Social Work,"1356-7500,1365-2206",True,True,True,True,Facilitating access to services for children and families: Lessons from Sure Start Local Programmes
97661,10.1111/j.1365-2206.2006.00415.x,2006,prefix:10.1111,Child &amp; Family Social Work,"1356-7500,1365-2206",True,True,True,True,Parental substance misuse and child care social work: Findings from the first stage of a study of 100 families
97662,10.1111/j.1365-2206.2006.00410.x,2006,prefix:10.1111,Child &amp; Family Social Work,"1356-7500,1365-2206",True,True,True,True,Equity and pragmatism in judgement-making about the placement of sibling groups
97663,10.1111/j.1365-2206.2006.00412.x,2006,prefix:10.1111,Child &amp; Family Social Work,"1356-7500,1365-2206",True,True,True,True,Research review: Child protection referrals and minority ethnic children and families
97664,10.1111/j.1365-2206.2006.00423.x,2006,prefix:10.1111,Child &amp; Family Social Work,"1356-7500,1365-2206",True,True,True,True,Models of 'ordinary' and 'special' daily living: Matching residential care to the mental-health needs of looked after children
97665,10.1111/j.1365-2206.2006.00425.x,2006,prefix:10.1111,Child &amp; Family Social Work,"1356-7500,1365-2206",True,True,True,True,"Discourses of blame: Deconstructing (hetero)sexuality, peer sexual violence and residential children's homes"
97666,10.1111/j.1365-2206.2006.00430.x,2006,prefix:10.1111,Child &amp; Family Social Work,"1356-7500,1365-2206",True,True,True,True,Predicting after-care outcomes: The importance of 'felt' security
97667,10.1111/j.1365-2206.2006.00424.x,2006,prefix:10.1111,Child &amp; Family Social Work,"1356-7500,1365-2206",True,True,True,True,"Foster children as young adults: Many motherless, fatherless or orphaned: A Swedish national cohort study"
97668,10.1111/j.1365-2206.2006.00433.x,2006,prefix:10.1111,Child &amp; Family Social Work,"1356-7500,1365-2206",True,True,True,True,Early outcomes for young adults transitioning from out-of-home care in the USA
97669,10.1111/j.1365-2206.2006.00431.x,2006,prefix:10.1111,Child &amp; Family Social Work,"1356-7500,1365-2206",True,True,True,True,Developing a global approach to the theory and practice of young people leaving state care
97670,10.1111/j.1365-2206.2006.00439.x,2006,prefix:10.1111,Child &amp; Family Social Work,"1356-7500,1365-2206",True,True,True,True,Research review: Young people leaving care
97671,10.1111/j.1365-2206.2006.00441.x,2006,prefix:10.1111,Child &amp; Family Social Work,"1356-7500,1365-2206",True,True,True,True,Child and Family Social Work: Editorial
97672,10.1111/j.1365-2206.2006.00427.x,2006,prefix:10.1111,Child &amp; Family Social Work,"1356-7500,1365-2206",True,True,True,True,Mentoring adolescent foster youth: Promoting resilience during developmental transitions
97673,10.1111/j.1365-2206.2006.00429.x,2006,prefix:10.1111,Child &amp; Family Social Work,"1356-7500,1365-2206",True,True,True,True,Assessing the educational achievements of adults who were formerly placed in family foster care
97674,10.1111/j.1365-2206.2006.00428.x,2006,prefix:10.1111,Child &amp; Family Social Work,"1356-7500,1365-2206",True,True,True,True,"Making a home, finding a job: Investigating early housing and employment outcomes for young people leaving care"
97675,10.1111/j.1365-2206.2006.00432.x,2006,prefix:10.1111,Child &amp; Family Social Work,"1356-7500,1365-2206",True,True,True,True,Adults who grew up in care: Constructing the self and accessing care files
97676,10.1111/j.1365-2206.2006.00384.x,2006,prefix:10.1111,Child &amp; Family Social Work,"1356-7500,1365-2206",True,True,True,True,"Volunteers, families and children in need: An evaluation of Family Friends"
97677,10.1111/j.1365-2206.2006.00413.x,2006,prefix:10.1111,Child &amp; Family Social Work,"1356-7500,1365-2206",True,True,True,True,Research review: Family centres: A review of the literature
97678,10.1111/j.1365-2206.2006.00408.x,2006,prefix:10.1111,Child &amp; Family Social Work,"1356-7500,1365-2206",True,True,True,True,Professionals' decision-making in cases of physical punishment reported to child welfare authorities: Does family poverty matter?
97679,10.1111/j.1365-2206.2006.00401.x,2006,prefix:10.1111,Child &amp; Family Social Work,"1356-7500,1365-2206",True,True,True,True,Factors influencing the acceptance of volunteer home-visiting support offered to families with new babies
97680,10.1111/j.1365-2206.2006.00396.x,2006,prefix:10.1111,Child &amp; Family Social Work,"1356-7500,1365-2206",True,True,True,True,Community in a children's home
97681,10.1111/j.1365-2206.2006.00400.x,2006,prefix:10.1111,Child &amp; Family Social Work,"1356-7500,1365-2206",True,True,True,True,Adoption by foster carers: A profile of interest and outcomes
97682,10.1111/j.1365-2206.2006.00399.x,2006,prefix:10.1111,Child &amp; Family Social Work,"1356-7500,1365-2206",True,True,True,True,A family support service for homeless children and parents: User and staff perspectives
97683,10.1111/j.1365-2206.2006.00397.x,2006,prefix:10.1111,Child &amp; Family Social Work,"1356-7500,1365-2206",True,True,True,True,"Disabled children, parent-child interaction and attachment"
97684,10.1111/j.1365-2206.2006.00385.x,2006,prefix:10.1111,Child &amp; Family Social Work,"1356-7500,1365-2206",True,True,True,True,Widening our knowledge concerning young looked after children: The case for research using sociological models of childhood
97685,10.1111/j.1365-2206.2006.00386.x,2006,prefix:10.1111,Child &amp; Family Social Work,"1356-7500,1365-2206",True,True,True,True,"Care, control and change in child care proceedings: Dilemmas for social workers, managers and lawyers"
97686,10.1111/j.1365-2206.2006.00392.x,2006,prefix:10.1111,Child &amp; Family Social Work,"1356-7500,1365-2206",True,True,True,True,Safeguarding children: Challenges to the effective operation of core groups
97687,10.1111/j.1365-2206.2006.00398.x,2006,prefix:10.1111,Child &amp; Family Social Work,"1356-7500,1365-2206",True,True,True,True,Research Review: Risk and resilience in cases of emotional abuse
97688,10.1111/j.1365-2206.2006.00402.x,2006,prefix:10.1111,Child &amp; Family Social Work,"1356-7500,1365-2206",True,True,True,True,Erratum: Positive Connections: A Programmer for children who have a parent with a mental illness (Child and Family Social Work (2003) 8:2 (113-122))
97689,10.1111/j.1365-2206.2006.00390.x,2006,prefix:10.1111,Child &amp; Family Social Work,"1356-7500,1365-2206",True,True,True,True,Young families under stress: Assessing maternal and child well-being using a mixed-methods approach
97690,10.1111/j.1365-2206.2006.00381.x,2006,prefix:10.1111,Child &amp; Family Social Work,"1356-7500,1365-2206",True,True,True,True,Missing years of abuse in children's homes
97691,10.1111/j.1365-2206.2006.00393.x,2006,prefix:10.1111,Child &amp; Family Social Work,"1356-7500,1365-2206",True,True,True,True,The comfort of strangers: Social work practice with unaccompanied asylum-seeking children and young people in the UK
97692,10.1111/j.1365-2206.2006.00388.x,2006,prefix:10.1111,Child &amp; Family Social Work,"1356-7500,1365-2206",True,True,True,True,Five tumultuous years in Australian child protection: Little progress
97693,10.1111/j.1365-2206.2005.00380.x,2005,prefix:10.1111,Child &amp; Family Social Work,"1356-7500,1365-2206",True,True,True,True,Beyond attachment theory and therapy: Towards sensitive and evidence-based interventions with foster and adoptive families in distress
97694,10.1111/j.1365-2206.2005.00364.x,2005,prefix:10.1111,Child &amp; Family Social Work,"1356-7500,1365-2206",True,True,True,True,More than a piece of paper?: Personal education plans and 'looked after' children in England
97695,10.1111/j.1365-2206.2005.00379.x,2005,prefix:10.1111,Child &amp; Family Social Work,"1356-7500,1365-2206",True,True,True,True,Assessing the impact of community programmes working with children and families in disadvantaged areas
97696,10.1111/j.1365-2206.2005.00376.x,2005,prefix:10.1111,Child &amp; Family Social Work,"1356-7500,1365-2206",True,True,True,True,A grass roots approach to influencing child welfare policy
97697,10.1111/j.1365-2206.2005.00378.x,2005,prefix:10.1111,Child &amp; Family Social Work,"1356-7500,1365-2206",True,True,True,True,Care proceedings and parents with learning difficulties: Comparative prevalence and outcomes in an English and Australian court sample
97698,10.1111/j.1365-2206.2005.00368.x,2005,prefix:10.1111,Child &amp; Family Social Work,"1356-7500,1365-2206",True,True,True,True,Understanding and negotiating identity: Children from cross-community families in public care in Northern Ireland
97699,10.1111/j.1365-2206.2005.00357.x,2005,prefix:10.1111,Child &amp; Family Social Work,"1356-7500,1365-2206",True,True,True,True,Predictors of outcome for unrelated adoptive placements made during middle childhood
97700,10.1111/j.1365-2206.2005.00374.x,2005,prefix:10.1111,Child &amp; Family Social Work,"1356-7500,1365-2206",True,True,True,True,Fatherhood and immigration: Challenging the deficit theory
97701,10.1111/j.1365-2206.2005.00387.x,2005,prefix:10.1111,Child &amp; Family Social Work,"1356-7500,1365-2206",True,True,True,True,Research Review: Parents' service experience - A missing element in research on foster care case outcomes
97702,10.1111/j.1365-2206.2005.00365.x,2005,prefix:10.1111,Child &amp; Family Social Work,"1356-7500,1365-2206",True,True,True,True,The relationship between maternal depression and child outcomes in a child welfare sample: Implications for treatment and policy
97703,10.1111/j.1365-2206.2005.00362.x,2005,prefix:10.1111,Child &amp; Family Social Work,"1356-7500,1365-2206",True,True,True,True,The proof of the pudding: What difference does multi-agency working make to families with disabled children with complex health care needs?
97704,10.1111/j.1365-2206.2005.00370.x,2005,prefix:10.1111,Child &amp; Family Social Work,"1356-7500,1365-2206",True,True,True,True,Social workers in multidisciplinary teams: Issues and dilemmas for professional practice
97705,10.1111/j.1365-2206.2005.00372.x,2005,prefix:10.1111,Child &amp; Family Social Work,"1356-7500,1365-2206",True,True,True,True,Communicating misunderstandings: Multi-agency work as social practice
97706,10.1111/j.1365-2206.2005.00371.x,2005,prefix:10.1111,Child &amp; Family Social Work,"1356-7500,1365-2206",True,True,True,True,Collaboration between service users and professionals: Legitimate decisions in child protection - A Norwegian model
97708,10.1111/j.1365-2206.2005.00373.x,2005,prefix:10.1111,Child &amp; Family Social Work,"1356-7500,1365-2206",True,True,True,True,Practice challenges at the intersection of child protection and mental health
97709,10.1111/j.1365-2206.2005.00341.x,2005,prefix:10.1111,Child &amp; Family Social Work,"1356-7500,1365-2206",True,True,True,True,"Why are we waiting? The demography of adoption for children of black, Asian and black mixed parentage in England"
97710,10.1111/j.1365-2206.2005.00358.x,2005,prefix:10.1111,Child &amp; Family Social Work,"1356-7500,1365-2206",True,True,True,True,Adoptive family life and adoption support: Policy ambivalence and the development of effective services
97711,10.1111/j.1365-2206.2005.00360.x,2005,prefix:10.1111,Child &amp; Family Social Work,"1356-7500,1365-2206",True,True,True,True,Transforming family positions: A conversational analysis of a family social work case
97712,10.1111/j.1365-2206.2005.00356.x,2005,prefix:10.1111,Child &amp; Family Social Work,"1356-7500,1365-2206",True,True,True,True,Identifying and assessing cases of child neglect: Learning from the Irish experience
97713,10.1111/j.1365-2206.2005.00361.x,2005,prefix:10.1111,Child &amp; Family Social Work,"1356-7500,1365-2206",True,True,True,True,Counting family support
97714,10.1111/j.1365-2206.2005.00359.x,2005,prefix:10.1111,Child &amp; Family Social Work,"1356-7500,1365-2206",True,True,True,True,Relationship-based practice and reflective practice: Holistic approaches to contemporary child care social work
97715,10.1111/j.1365-2206.2005.00367.x,2005,prefix:10.1111,Child &amp; Family Social Work,"1356-7500,1365-2206",True,True,True,True,Research review: Child and family support services with minority ethnic families: What can we learn from research?
97716,10.1111/j.1365-2206.2005.00351.x,2005,prefix:10.1111,"Child &lt;html_ent glyph=""@amp;"" ascii=""&amp;amp;""/&gt; Family Social Work","1356-7500,1365-2206",True,True,True,True,Conceptual analysis of critical moments in Victoria Climbié's life
97717,10.1111/j.1365-2206.2005.00347.x,2005,prefix:10.1111,"Child &lt;html_ent glyph=""@amp;"" ascii=""&amp;amp;""/&gt; Family Social Work","1356-7500,1365-2206",True,True,True,True,Child abuse in China: A yet-to-be-acknowledged 'social problem' in the Chinese Mainland
97718,10.1111/j.1365-2206.2005.00337.x,2005,prefix:10.1111,"Child &lt;html_ent glyph=""@amp;"" ascii=""&amp;amp;""/&gt; Family Social Work","1356-7500,1365-2206",True,True,True,True,"Family relations, adjustment and well-being in a longitudinal study of children in care"
97719,10.1111/j.1365-2206.2004.00339.x,2005,prefix:10.1111,"Child &lt;html_ent glyph=""@amp;"" ascii=""&amp;amp;""/&gt; Family Social Work","1356-7500,1365-2206",True,True,True,True,Promoting stability and continuity of care for looked after children: A survey and critical review
97720,10.1111/j.1365-2206.2005.00350.x,2005,prefix:10.1111,"Child &lt;html_ent glyph=""@amp;"" ascii=""&amp;amp;""/&gt; Family Social Work","1356-7500,1365-2206",True,True,True,True,Surface and depth in the Victoria Climbié Inquiry Report
97721,10.1111/j.1365-2206.2005.00345.x,2005,prefix:10.1111,"Child &lt;html_ent glyph=""@amp;"" ascii=""&amp;amp;""/&gt; Family Social Work","1356-7500,1365-2206",True,True,True,True,"Young helpline callers and difference: Exploring gender, ethnicity and sexuality in helpline access and provision"
97722,10.1111/j.1365-2206.2005.00346.x,2005,prefix:10.1111,"Child &lt;html_ent glyph=""@amp;"" ascii=""&amp;amp;""/&gt; Family Social Work","1356-7500,1365-2206",True,True,True,True,Using research in practice: A research information service for social care practitioners
97723,10.1111/j.1365-2206.2005.00352.x,2005,prefix:10.1111,"Child &lt;html_ent glyph=""@amp;"" ascii=""&amp;amp;""/&gt; Family Social Work","1356-7500,1365-2206",True,True,True,True,Applying narrative analysis to the process of confirming or disregarding cases of suspected sexual abuse
97724,10.1111/j.1365-2206.2005.00377.x,2005,prefix:10.1111,Child &amp; Family Social Work,"1356-7500,1365-2206",True,True,True,True,The SESS multisite collaborative research initiative: Establishing common ground
97725,10.1111/j.1365-2206.2004.00340.x,2004,prefix:10.1111,Child &amp; Family Social Work,"1356-7500,1365-2206",True,True,True,True,Using concurrent planning to establish permanency for looked after young children
97726,10.1111/j.1365-2206.2004.00338.x,2004,prefix:10.1111,Child &amp; Family Social Work,"1356-7500,1365-2206",True,True,True,True,Playing with sound: The therapeutic use of music in direct work with children
97727,10.1111/j.1365-2206.2004.00343.x,2004,prefix:10.1111,Child &amp; Family Social Work,"1356-7500,1365-2206",True,True,True,True,What changes in ‘parenting’ approaches occur over the course of adolescent foster care placements?
97728,10.1111/j.1365-2206.2004.00336.x,2004,prefix:10.1111,Child &amp; Family Social Work,"1356-7500,1365-2206",True,True,True,True,Reporting bad results: The ethical responsibility of presenting abused women's parenting practices in a negative light
97729,10.1111/j.1365-2206.2004.00324.x,2004,prefix:10.1111,Child &amp; Family Social Work,"1356-7500,1365-2206",True,True,True,True,Predictors of behavioural and emotional problems of children placed in children's homes in Croatia
97730,10.1111/j.1365-2206.2004.00335.x,2004,prefix:10.1111,Child &amp; Family Social Work,"1356-7500,1365-2206",True,True,True,True,Research Review: Teenage pregnancy and parenthood: the role of fathers
97731,10.1111/j.1365-2206.2004.00303.x,2004,prefix:10.1111,Child &amp; Family Social Work,"1356-7500,1365-2206",True,True,True,True,An overview of the Scottish multidisciplinary child protection review
97732,10.1111/j.1365-2206.2004.00311.x,2004,prefix:10.1111,Child &amp; Family Social Work,"1356-7500,1365-2206",True,True,True,True,In search of perfect motherhood for imperfect childhood – experiences of 22 Chinese mothers
97733,10.1111/j.1365-2206.2004.00333.x,2004,prefix:10.1111,Child &amp; Family Social Work,"1356-7500,1365-2206",True,True,True,True,‘Given up hope of dying’: A child protection approach to deliberate self-harm in adolescents admitted to a paediatric ward
97734,10.1111/j.1365-2206.2004.00316.x,2004,prefix:10.1111,Child &amp; Family Social Work,"1356-7500,1365-2206",True,True,True,True,Who Takes Care of Education 18 months on? A follow-up study of looked after children's perceptions of support for educational progress
97735,10.1111/j.1365-2206.2004.00329.x,2004,prefix:10.1111,Child &amp; Family Social Work,"1356-7500,1365-2206",True,True,True,True,Cognitive-behavioural interventions for adolescents in residential child care in Scotland: an examination of practice and lessons from research
97736,10.1111/j.1365-2206.2004.00330.x,2004,prefix:10.1111,Child &amp; Family Social Work,"1356-7500,1365-2206",True,True,True,True,Underpinning knowledge for child care practice: reconsidering child development theory
97737,10.1111/j.1365-2206.2004.00334.x,2004,prefix:10.1111,Child &amp; Family Social Work,"1356-7500,1365-2206",True,True,True,True,Policy Digest: New initiatives in out-of-home placements in Israel
97738,10.1111/j.1365-2206.2004.00313.x,2004,prefix:10.1111,Child &amp; Family Social Work,"1356-7500,1365-2206",True,True,True,True,An evaluation of an innovative audiotape method for keeping social care staff up to date with the latest research findings
97739,10.1111/j.1365-2206.2004.00328.x,2004,prefix:10.1111,Child &amp; Family Social Work,"1356-7500,1365-2206",True,True,True,True,Research Review: Teenage pregnancy and motherhood: the contribution of support
97740,10.1111/j.1365-2206.2004.00304.x,2004,prefix:10.1111,Child &amp; Family Social Work,"1356-7500,1365-2206",True,True,True,True,‘How come I don’t get asked no questions?’ Researching ‘hard to reach’ children and teenagers
97741,10.1111/j.1365-2206.2004.00307.x,2004,prefix:10.1111,Child &amp; Family Social Work,"1356-7500,1365-2206",True,True,True,True,Aetiology of anorexia nervosa in Hong Kong: a social work qualitative inquiry
97742,10.1111/j.1365-2206.2004.00323.x,2004,prefix:10.1111,Child &amp; Family Social Work,"1356-7500,1365-2206",True,True,True,True,The unheard client: Assessing the satisfaction of parents of children in foster care
97743,10.1111/j.1365-2206.2004.00325.x,2004,prefix:10.1111,Child &amp; Family Social Work,"1356-7500,1365-2206",True,True,True,True,Living with an elephant: Growing up with parental substance misuse
97744,10.1111/j.1365-2206.2004.00309.x,2004,prefix:10.1111,Child &amp; Family Social Work,"1356-7500,1365-2206",True,True,True,True,Breakdown of teenage placements in Swedish foster and residential care
97745,10.1111/j.1365-2206.2004.00308.x,2004,prefix:10.1111,Child &amp; Family Social Work,"1356-7500,1365-2206",True,True,True,True,Families on the brink: the effectiveness of family support services
97746,10.1111/j.1365-2206.2004.00315.x,2004,prefix:10.1111,Child &amp; Family Social Work,"1356-7500,1365-2206",True,True,True,True,Effective interventions to promote child and family wellness: a study of outcomes of intervention through Children's Family Centres
97747,10.1111/j.1365-2206.2004.00296.x,2004,prefix:10.1111,Child &amp; Family Social Work,"1356-7500,1365-2206",True,True,True,True,Research Review: Risk and protection in the context of services for children in need
97748,10.1111/j.1365-2206.2004.00322.x,2004,prefix:10.1111,Child &amp; Family Social Work,"1356-7500,1365-2206",True,True,True,True,Use of population measures and norms to identify resilient outcomes in young people in care: an exploratory study
97749,10.1111/j.1365-2206.2004.00312.x,2004,prefix:10.1111,Child &amp; Family Social Work,"1356-7500,1365-2206",True,True,True,True,Parental mental health: disruptions to parenting and outcomes for children
97751,10.1111/j.1365-2206.2004.00320.x,2004,prefix:10.1111,Child &amp; Family Social Work,"1356-7500,1365-2206",True,True,True,True,Relating outcomes to objectives in child protection
97752,10.1111/j.1365-2206.2004.00321.x,2004,prefix:10.1111,Child &amp; Family Social Work,"1356-7500,1365-2206",True,True,True,True,Working with managers to improve services: changes in the role of research in social care
97753,10.1111/j.1365-2206.2004.00314.x,2004,prefix:10.1111,Child &amp; Family Social Work,"1356-7500,1365-2206",True,True,True,True,From policy to practice: the implementation of a new framework for social work assessments of children and families
97754,10.1111/j.1365-2206.2004.00302.x,2004,prefix:10.1111,Child &amp; Family Social Work,"1356-7500,1365-2206",True,True,True,True,The effectiveness of selected interventions for previous maltreatment: enhancing the well-being of children who live at home
97755,10.1111/j.1365-2206.2004.00310.x,2004,prefix:10.1111,Child &amp; Family Social Work,"1356-7500,1365-2206",True,True,True,True,Using the case study approach for improved programme evaluations
97756,10.1046/j.1365-2206.2003.00289.x,2003,prefix:10.1046,Child &amp; Family Social Work,"1356-7500,1365-2206",True,True,True,True,Engaging parents and carers with family support services: What can be learned from research on help-seeking
97757,10.1046/j.1365-2206.2003.00263.x,2003,prefix:10.1046,Child &amp; Family Social Work,"1356-7500,1365-2206",True,True,True,True,Defining quality care for looked after children: Frontline workers' perspectives on standards and all that?
97758,10.1046/j.1365-2206.2003.00273.x,2003,prefix:10.1046,Child &amp; Family Social Work,"1356-7500,1365-2206",True,True,True,True,Positive connections: A programme for children who have a parent with a mental illness
97759,10.1046/j.1365-2206.2003.00291.x,2003,prefix:10.1046,Child &amp; Family Social Work,"1356-7500,1365-2206",True,True,True,True,Issues facing brothers of sexually abused children: Implications for professional practice
97760,10.1046/j.1365-2206.2003.00298.x,2003,prefix:10.1046,Child &amp; Family Social Work,"1356-7500,1365-2206",True,True,True,True,Broadening constructions of family violence: Mothers' perspectives of aggression from their children
97762,10.1046/j.1365-2206.2003.00262.x,2003,prefix:10.1046,Child &amp; Family Social Work,"1356-7500,1365-2206",True,True,True,True,Promising practices in understanding and treating child neglect
97763,10.1046/j.1365-2206.2003.00271.x,2003,prefix:10.1046,Child &amp; Family Social Work,"1356-7500,1365-2206",True,True,True,True,Managing sexually abused and/or abusing children in: Substitute care
97764,10.1046/j.1365-2206.2003.00282.x,2003,prefix:10.1046,Child &amp; Family Social Work,"1356-7500,1365-2206",True,True,True,True,Promoting psychosocial well-being in unaccompanied asylum seeking young people in the United Kingdom
97765,10.1046/j.1365-2206.2003.00286.x,2003,prefix:10.1046,Child &amp; Family Social Work,"1356-7500,1365-2206",True,True,True,True,Social work with African refugee children and their families
97767,10.1046/j.1365-2206.2003.00275.x,2003,prefix:10.1046,Child &amp; Family Social Work,"1356-7500,1365-2206",True,True,True,True,Protecting children in scotland: Examining the impact of the children (Scotland) Act 1995
97768,10.1046/j.1365-2206.2003.00297.x,2003,prefix:10.1046,Child &amp; Family Social Work,"1356-7500,1365-2206",True,True,True,True,Between a rock and a hard place: The role of relatives in protecting children from the effects of parental drug problems
97769,10.1046/j.1365-2206.2003.00274.x,2003,prefix:10.1046,Child &amp; Family Social Work,"1356-7500,1365-2206",True,True,True,True,A personal reflective account: The impact of the collation and sharing of information during the course of a child protection investigation
97770,10.1046/j.1365-2206.2003.00276.x,2003,prefix:10.1046,Child &amp; Family Social Work,"1356-7500,1365-2206",True,True,True,True,Organizational support for evidence-based practice within child and family social work: A collaborative study
97771,10.1046/j.1365-2206.2003.00292.x,2003,prefix:10.1046,Child &amp; Family Social Work,"1356-7500,1365-2206",True,True,True,True,Worries and problems of young carers: Issues for mental health
97772,10.1046/j.1365-2206.2003.00265.x,2003,prefix:10.1046,Child &amp; Family Social Work,"1356-7500,1365-2206",True,True,True,True,Child protection social work and men's abuse of women: An irish study
97773,10.1046/j.1365-2206.2003.00266.x,2003,prefix:10.1046,Child &amp; Family Social Work,"1356-7500,1365-2206",True,True,True,True,'Your friends don't understand': Invisibility and unmet need: In the lives of 'young carers'
97774,10.1046/j.1365-2206.2003.00279.x,2003,prefix:10.1046,Child &amp; Family Social Work,"1356-7500,1365-2206",True,True,True,True,The continuing relevance of casework ideas to long-term: Child protection work
97775,10.1046/j.1365-2206.2003.00261.x,2003,prefix:10.1046,Child &amp; Family Social Work,"1356-7500,1365-2206",True,True,True,True,Social welfare services for single parent families in hong kong: A paradox
97776,10.1046/j.1365-2206.2003.00280.x,2003,prefix:10.1046,Child &amp; Family Social Work,"1356-7500,1365-2206",True,True,True,True,The child's-or the state's-best interests? An examination of the ways immigration officials work with unaccompanied asylum seeking minors in Norway
97777,10.1046/j.1365-2206.2003.00288.x,2003,prefix:10.1046,Child &amp; Family Social Work,"1356-7500,1365-2206",True,True,True,True,The social services response to unaccompanied children in England
97778,10.1046/j.1365-2206.2003.00290.x,2003,prefix:10.1046,Child &amp; Family Social Work,"1356-7500,1365-2206",True,True,True,True,Preferentially rejected children and their development in permanent family placements
97779,10.1046/j.1365-2206.2003.00293.x,2003,prefix:10.1046,Child &amp; Family Social Work,"1356-7500,1365-2206",True,True,True,True,Mainstream or margin? The current use of family group conferences in child welfare practice in the UK
97780,10.1046/j.1365-2206.2003.00295.x,2003,prefix:10.1046,Child &amp; Family Social Work,"1356-7500,1365-2206",True,True,True,True,Services for troubled adolescents: Exploring user variation
97781,10.1046/j.1365-2206.2003.00272.x,2003,prefix:10.1046,Child &amp; Family Social Work,"1356-7500,1365-2206",True,True,True,True,Who Takes Care of Education? Looked after children's perceptions of support for educational progress
97782,10.1046/j.1365-2206.2003.00264.x,2003,prefix:10.1046,Child &amp; Family Social Work,"1356-7500,1365-2206",True,True,True,True,'Can I come home?' The experiences of young runaways contacting the Message Home helpline
97783,10.1046/j.1365-2206.2003.00267.x,2003,prefix:10.1046,Child &amp; Family Social Work,"1356-7500,1365-2206",True,True,True,True,What do we know about child neglect? A critical review of the literature and its application to social work practice
97784,10.1046/j.1365-2206.2003.00287.x,2003,prefix:10.1046,Child &amp; Family Social Work,"1356-7500,1365-2206",True,True,True,True,Unsettling the 'social' in social work: Responses to asylum seeking children in Ireland
97785,10.1046/j.1365-2206.2003.00294.x,2003,prefix:10.1046,Child &amp; Family Social Work,"1356-7500,1365-2206",True,True,True,True,Parenting fostered adolescents: Skills and strategies
97786,10.1046/j.1365-2206.2003.00281.x,2003,prefix:10.1046,Child &amp; Family Social Work,"1356-7500,1365-2206",True,True,True,True,"Asylum, children's rights and social work"
97787,10.1046/j.1365-2206.2002.00242.x,2002,prefix:10.1046,Child &amp; Family Social Work,"1356-7500,1365-2206",True,True,True,True,Parenting stress and externalizing child behaviour
97788,10.1046/j.1365-2206.2002.00255.x,2002,prefix:10.1046,Child &amp; Family Social Work,"1356-7500,1365-2206",True,True,True,True,Giving voice to experiences: Parental maltreatment of black children in the context of societal racism
97789,10.1046/j.1365-2206.2002.00244.x,2002,prefix:10.1046,Child &amp; Family Social Work,"1356-7500,1365-2206",True,True,True,True,Undeserving' mothers? Practitioners' experiences working with young mothers in/from care
97790,10.1046/j.1365-2206.2002.00245.x,2002,prefix:10.1046,Child &amp; Family Social Work,"1356-7500,1365-2206",True,True,True,True,New initiatives to help families in need in Hong Kong: Proposals and responses
97791,10.1046/j.1365-2206.2002.00217.x,2002,prefix:10.1046,Child &amp; Family Social Work,"1356-7500,1365-2206",True,True,True,True,"""Contact irregular"": A qualitative analysis of the impact of visiting patterns of natural parents on foster placements"
97792,10.1046/j.1365-2206.2002.00224.x,2002,prefix:10.1046,Child &amp; Family Social Work,"1356-7500,1365-2206",True,True,True,True,Long-term foster care or adoption? The evidence examined
97793,10.1046/j.1365-2206.2002.00252.x,2002,prefix:10.1046,Child &amp; Family Social Work,"1356-7500,1365-2206",True,True,True,True,Adoption from care in Northern Ireland: Problems in the process
97794,10.1046/j.1365-2206.2002.00250.x,2002,prefix:10.1046,Child &amp; Family Social Work,"1356-7500,1365-2206",True,True,True,True,Using the 'looking after children' dimensions to collect aggregate data on well-being
97795,10.1046/j.1365-2206.2002.00254.x,2002,prefix:10.1046,Child &amp; Family Social Work,"1356-7500,1365-2206",True,True,True,True,The signicance of a secure base: A psychosocial model of long-term foster care
97797,10.1046/j.1365-2206.2002.00225.x,2002,prefix:10.1046,Child &amp; Family Social Work,"1356-7500,1365-2206",True,True,True,True,Promoting children's rights through the use of relationship
97798,10.1046/j.1365-2206.2002.00228.x,2002,prefix:10.1046,Child &amp; Family Social Work,"1356-7500,1365-2206",True,True,True,True,Mandatory reporting of child abuse and neglect: Does it really make a difference?
97799,10.1046/j.1365-2206.2002.00222.x,2002,prefix:10.1046,Child &amp; Family Social Work,"1356-7500,1365-2206",True,True,True,True,Emotional labour and befriending in family support and child protection in Tower Hamlets
97800,10.1046/j.1365-2206.2002.00249.x,2002,prefix:10.1046,Child &amp; Family Social Work,"1356-7500,1365-2206",True,True,True,True,Training foster carers in challenging behaviour: A case study in disappointment?
97801,10.1046/j.1365-2206.2002.00234.x,2002,prefix:10.1046,Child &amp; Family Social Work,"1356-7500,1365-2206",True,True,True,True,Play therapy: The children's views
97802,10.1046/j.1365-2206.2002.00223.x,2002,prefix:10.1046,Child &amp; Family Social Work,"1356-7500,1365-2206",True,True,True,True,Research with children: Sharing the dilemmas
97803,10.1046/j.1365-2206.2002.00257.x,2002,prefix:10.1046,Child &amp; Family Social Work,"1356-7500,1365-2206",True,True,True,True,Regulating inclusivity: Reforming adoption law for the 21st century
97804,10.1046/j.1365-2206.2002.00253.x,2002,prefix:10.1046,Child &amp; Family Social Work,"1356-7500,1365-2206",True,True,True,True,Kinship foster care
97805,10.1046/j.1365-2206.2002.t01-1-00245.x,2002,prefix:10.1046,Child &amp; Family Social Work,"1356-7500,1365-2206",True,True,True,True,Freeing for adoption and contact procedures in Scotland
97807,10.1046/j.1365-2206.2002.00233.x,2002,prefix:10.1046,Child &amp; Family Social Work,"1356-7500,1365-2206",True,True,True,True,Everybody needs good neighbours: An evaluation of an intensive project for families facing eviction
97808,10.1046/j.1365-2206.2002.t01-1-00238.x,2002,prefix:10.1046,Child &amp; Family Social Work,"1356-7500,1365-2206",True,True,True,True,Sharing the care of our children in a changing societal context
97809,10.1046/j.1365-2206.2002.00238.x,2002,prefix:10.1046,Child &amp; Family Social Work,"1356-7500,1365-2206",True,True,True,True,The adoption and permanence debate in England and Wales
97810,10.1046/j.1365-2206.2002.00240.x,2002,prefix:10.1046,Child &amp; Family Social Work,"1356-7500,1365-2206",True,True,True,True,Educational success for children in public care: Advice from a group of high achievers
97811,10.1046/j.1365-2206.2002.00231.x,2002,prefix:10.1046,Child &amp; Family Social Work,"1356-7500,1365-2206",True,True,True,True,Blame and family conflict: Symptomatic children as scapegoats
97812,10.1046/j.1365-2206.2002.00232.x,2002,prefix:10.1046,Child &amp; Family Social Work,"1356-7500,1365-2206",True,True,True,True,Parenting distress and parental investment of Hong Kong Chinese parents with a child having an emotional or behavioural problem: A qualitative study
97813,10.1046/j.1365-2206.2002.00251.x,2002,prefix:10.1046,Child &amp; Family Social Work,"1356-7500,1365-2206",True,True,True,True,Obstacles to involving children and young people in foster care research
97814,10.1046/j.1365-2206.2002.00256.x,2002,prefix:10.1046,Child &amp; Family Social Work,"1356-7500,1365-2206",True,True,True,True,Family support and the Scottish children's hearings system
97815,10.1046/j.1365-2206.2002.00243.x,2002,prefix:10.1046,Child &amp; Family Social Work,"1356-7500,1365-2206",True,True,True,True,Responding to the experiences of minority ethnic children in virtually all-white communities
97816,10.1046/j.1365-2206.2002.00235.x,2002,prefix:10.1046,Child &amp; Family Social Work,"1356-7500,1365-2206",True,True,True,True,Independent fostering agencies uncovered: The findings of a national study
97817,10.1046/j.1365-2206.2001.00215.x,2001,prefix:10.1046,Child &amp; Family Social Work,"1356-7500,1365-2206",True,True,True,True,Age at placement and adult adopted people's experience of being adopted
97818,10.1046/j.1365-2206.2001.00209.x,2001,prefix:10.1046,Child &amp; Family Social Work,"1356-7500,1365-2206",True,True,True,True,Family budgets and public money: spending fostering payments
97819,10.1046/j.1365-2206.2001.00214.x,2001,prefix:10.1046,Child &amp; Family Social Work,"1356-7500,1365-2206",True,True,True,True,The implications of adoption for donor offspring following donor-assisted conception
97820,10.1046/j.1365-2206.2001.00221.x,2001,prefix:10.1046,Child &amp; Family Social Work,"1356-7500,1365-2206",True,True,True,True,Support services for vulnerable families with young children
97821,10.1046/j.1365-2206.2001.00216.x,2001,prefix:10.1046,Child &amp; Family Social Work,"1356-7500,1365-2206",True,True,True,True,Social workers’ attitudes towards family group conferences in Sweden and the UK
97822,10.1046/j.1365-2206.2001.00212.x,2001,prefix:10.1046,Child &amp; Family Social Work,"1356-7500,1365-2206",True,True,True,True,Defining the boundaries: social worker assessment of sexual abuse in a cultural context – multivariate analysis of personal and professional factors influencing
97823,10.1046/j.1365-2206.2001.00219.x,2001,prefix:10.1046,Child &amp; Family Social Work,"1356-7500,1365-2206",True,True,True,True,Developing creative solutions to the problems of children and their families: communicative reason and the use of forum theatre
97824,10.1046/j.1365-2206.2001.00202.x,2001,prefix:10.1046,Child &amp; Family Social Work,"1356-7500,1365-2206",True,True,True,True,Parents’ perceptions of their children in a context of shared political uncertainty
97825,10.1046/j.1365-2206.2001.00213.x,2001,prefix:10.1046,Child &amp; Family Social Work,"1356-7500,1365-2206",True,True,True,True,Strategies for survival: users' experience of child welfare in three welfare regimes
97826,10.1046/j.1365-2206.2001.00205.x,2001,prefix:10.1046,Child &amp; Family Social Work,"1356-7500,1365-2206",True,True,True,True,Transcending the fissure in risk theory: critical realism and child welfare
97827,10.1046/j.1365-2206.2001.00201.x,2001,prefix:10.1046,Child &amp; Family Social Work,"1356-7500,1365-2206",True,True,True,True,The transition of Israeli men to fatherhood: a comparison between new fathers of pre-term/full-term infants
97828,10.1046/j.1365-2206.2001.00200.x,2001,prefix:10.1046,Child &amp; Family Social Work,"1356-7500,1365-2206",True,True,True,True,Findings on the impact of treatment for childhood acute lymphoblastic leukaemia on family relationships
97829,10.1046/j.1365-2206.2001.00207.x,2001,prefix:10.1046,Child &amp; Family Social Work,"1356-7500,1365-2206",True,True,True,True,Response to: ‘New Directions in child protection and family support in Western Australia: a policy initiative to re-focus child welfare practice’
97830,10.1046/j.1365-2206.2001.00206.x,2001,prefix:10.1046,Child &amp; Family Social Work,"1356-7500,1365-2206",True,True,True,True,Helping parents by working with their children in individual child therapy
97831,10.1046/j.1365-2206.2001.00208.x,2001,prefix:10.1046,Child &amp; Family Social Work,"1356-7500,1365-2206",True,True,True,True,"Love and money: payment, motivation and the fostering task"
97832,10.1111/j.1365-2206.2001.00197.x,2001,prefix:10.1111,Child &amp; Family Social Work,"1356-7500,1365-2206",True,True,True,True,Refocusing children’s services: evaluation of an initial assessment process
97833,10.1111/j.1365-2206.2001.00192.x,2001,prefix:10.1111,Child &amp; Family Social Work,"1356-7500,1365-2206",True,True,True,True,Empowering looked-after children
97834,10.1111/j.1365-2206.2001.00199.x,2001,prefix:10.1111,Child &amp; Family Social Work,"1356-7500,1365-2206",True,True,True,True,Improving the working environment for workers in children’s welfare agencies
97835,10.1111/j.1365-2206.2001.00186.x,2001,prefix:10.1111,Child &amp; Family Social Work,"1356-7500,1365-2206",True,True,True,True,New Directions in child protection and family support in Western Australia: a policy initiative to re-focus child welfare practice
97836,10.1111/j.1365-2206.2001.00188.x,2001,prefix:10.1111,Child &amp; Family Social Work,"1356-7500,1365-2206",True,True,True,True,For the child’s sake: parents and social workers discuss conflict-filled parental relations after divorce
97837,10.1111/j.1365-2206.2001.00195.x,2001,prefix:10.1111,Child &amp; Family Social Work,"1356-7500,1365-2206",True,True,True,True,Putting fathers on the child welfare agenda
97838,10.1111/j.1365-2206.2001.00198.x,2001,prefix:10.1111,Child &amp; Family Social Work,"1356-7500,1365-2206",True,True,True,True,Safeguarding young people through confidential advocacy services
97839,10.1046/j.1365-2206.2001.00181.x,2001,prefix:10.1046,Child &amp; Family Social Work,"1356-7500,1365-2206",True,True,True,True,"Parenting efficacy, aggressive parenting and cultural connections"
97840,10.1046/j.1365-2206.2001.00194.x,2001,prefix:10.1046,Child &amp; Family Social Work,"1356-7500,1365-2206",True,True,True,True,Outcomes of permanent family placement for children of minority ethnic origin
97841,10.1046/j.1365-2206.2001.00176.x,2001,prefix:10.1046,Child &amp; Family Social Work,"1356-7500,1365-2206",True,True,True,True,The design and development of an instrument for assessing the quality of partnership between mother and social worker in child and family care
97842,10.1046/j.1365-2206.2001.00184.x,2001,prefix:10.1046,Child &amp; Family Social Work,"1356-7500,1365-2206",True,True,True,True,Residential institutions requesting supervision: a theoretical analysis of an empirically studied problem
97843,10.1046/j.1365-2206.2001.00189.x,2001,prefix:10.1046,Child &amp; Family Social Work,"1356-7500,1365-2206",True,True,True,True,Constructing women in child protection work
97844,10.1046/j.1365-2206.2001.00187.x,2001,prefix:10.1046,Child &amp; Family Social Work,"1356-7500,1365-2206",True,True,True,True,"Promoting child protection, welfare and healing: the case for developing best practice"
97845,10.1046/j.1365-2206.2001.00177.x,2001,prefix:10.1046,Child &amp; Family Social Work,"1356-7500,1365-2206",True,True,True,True,Trained volunteers for families coping with a child with a life-limiting condition
97846,10.1046/j.1365-2206.2001.00185.x,2001,prefix:10.1046,Child &amp; Family Social Work,"1356-7500,1365-2206",True,True,True,True,Short breaks for families caring for a disabled child with complex health needs
97847,10.1046/j.1365-2206.2000.00173.x,2000,prefix:10.1046,Child &amp; Family Social Work,"1356-7500,1365-2206",True,True,True,True,The day fostering scheme: a service for children in need and their parents
97848,10.1046/j.1365-2206.2000.00172.x,2000,prefix:10.1046,Child &amp; Family Social Work,"1356-7500,1365-2206",True,True,True,True,The reasons why young children are placed for adoption: findings from a recently placed sample and a discussion of implications for subsequent identity developm
97849,10.1046/j.1365-2206.2000.00180.x,2000,prefix:10.1046,Child &amp; Family Social Work,"1356-7500,1365-2206",True,True,True,True,Research Review
97850,10.1046/j.1365-2206.2000.00168.x,2000,prefix:10.1046,Child &amp; Family Social Work,"1356-7500,1365-2206",True,True,True,True,"Assimilation, control, mediation or advocacy? Social work dilemmas in providing anti-oppressive services for Traveller children and families"
97851,10.1046/j.1365-2206.2000.00169.x,2000,prefix:10.1046,Child &amp; Family Social Work,"1356-7500,1365-2206",True,True,True,True,Overcoming barriers to effective practice in child care
97852,10.1046/j.1365-2206.2000.00175.x,2000,prefix:10.1046,Child &amp; Family Social Work,"1356-7500,1365-2206",True,True,True,True,The symptom-carrying child as a preserver of the family unit
97853,10.1046/j.1365-2206.2000.00178.x,2000,prefix:10.1046,Child &amp; Family Social Work,"1356-7500,1365-2206",True,True,True,True,Spiralling up and spiralling down: implications of a long-term study of temperament and conduct disorder for social work with children
97854,10.1046/j.1365-2206.2000.00164.x,2000,prefix:10.1046,Child &amp; Family Social Work,"1356-7500,1365-2206",True,True,True,True,Intensive family preservation services: an examination of critical service components
97855,10.1046/j.1365-2206.2000.00160.x,2000,prefix:10.1046,Child &amp; Family Social Work,"1356-7500,1365-2206",True,True,True,True,Professionals’ attitudes to children’s participation in decision-making: dichotomous accounts and doctrinal contests
97856,10.1046/j.1365-2206.2000.00165.x,2000,prefix:10.1046,Child &amp; Family Social Work,"1356-7500,1365-2206",True,True,True,True,Sharing the care: the qualities sought of social workers by foster carers
97857,10.1046/j.1365-2206.2000.00171.x,2000,prefix:10.1046,Child &amp; Family Social Work,"1356-7500,1365-2206",True,True,True,True,Identifying and implementing pathways for organizational change – using the Framework for the Assessment of Children in Need and their Families as a case exampl
97858,10.1046/j.1365-2206.2000.00163.x,2000,prefix:10.1046,Child &amp; Family Social Work,"1356-7500,1365-2206",True,True,True,True,"Department of Health Research Overviews – Past, Present and Future: An evaluation of the dissemination of the Blue Book, Child Protection: Messages from Researc"
97859,10.1046/j.1365-2206.2000.00159.x,2000,prefix:10.1046,Child &amp; Family Social Work,"1356-7500,1365-2206",True,True,True,True,Challenging passive partnerships with parents and children in the core group forum: a framework for a proactive approach
97860,10.1046/j.1365-2206.2000.00161.x,2000,prefix:10.1046,Child &amp; Family Social Work,"1356-7500,1365-2206",True,True,True,True,"‘Children in need’ or ‘young offenders’? Hardening ideology, organizational change and new challenges for social work with children in trouble"
97862,10.1046/j.1365-2206.2000.00153.x,2000,prefix:10.1046,Child &amp; Family Social Work,"1356-7500,1365-2206",True,True,True,True,"‘Good lesbian, bad lesbian…’: regulating heterosexuality in fostering and adoption assessments"
97863,10.1046/j.1365-2206.2000.00154.x,2000,prefix:10.1046,Child &amp; Family Social Work,"1356-7500,1365-2206",True,True,True,True,Local authority family centre intervention: a statistical exploration of services as family support or family control
97864,10.1046/j.1365-2206.2000.00147.x,2000,prefix:10.1046,Child &amp; Family Social Work,"1356-7500,1365-2206",True,True,True,True,Quality social work with children and families
97865,10.1046/j.1365-2206.2000.00157.x,2000,prefix:10.1046,Child &amp; Family Social Work,"1356-7500,1365-2206",True,True,True,True,Understanding exceptionality: differing perceptions of the family assistance order
97866,10.1046/j.1365-2206.2000.00151.x,2000,prefix:10.1046,Child &amp; Family Social Work,"1356-7500,1365-2206",True,True,True,True,Assessment and decision-making in a case of child neglect and abuse using an attachment perspective
97867,10.1046/j.1365-2206.2000.00156.x,2000,prefix:10.1046,Child &amp; Family Social Work,"1356-7500,1365-2206",True,True,True,True,Infants who stay in foster care: child characteristics and permanency outcomes of legally free children first placed as infants
97868,10.1046/j.1365-2206.2000.00148.x,2000,prefix:10.1046,Child &amp; Family Social Work,"1356-7500,1365-2206",True,True,True,True,Socio-genealogical connectedness: on the role of gender and same-gender parenting in mitigating the effects of parental divorce
97869,10.1046/j.1365-2206.2000.00152.x,2000,prefix:10.1046,Child &amp; Family Social Work,"1356-7500,1365-2206",True,True,True,True,Imaging the future: theatre and change within the child protection system
97870,10.1046/j.1365-2206.2000.00143.x,2000,prefix:10.1046,Child &amp; Family Social Work,"1356-7500,1365-2206",True,True,True,True,The education of looked after children
97871,10.1046/j.1365-2206.2000.00138.x,2000,prefix:10.1046,Child &amp; Family Social Work,"1356-7500,1365-2206",True,True,True,True,Mental health of parents with young children in Hong Kong: the roles of parenting stress and parenting self-efficacy
97872,10.1046/j.1365-2206.2000.00141.x,2000,prefix:10.1046,Child &amp; Family Social Work,"1356-7500,1365-2206",True,True,True,True,Investing in children’s futures: enhancing the educational arrangements of ‘looked after’ children and young people
97873,10.1046/j.1365-2206.2000.00145.x,2000,prefix:10.1046,Child &amp; Family Social Work,"1356-7500,1365-2206",True,True,True,True,Reflections on risk in child protection: is it time for a shift in paradigms?
97874,10.1046/j.1365-2206.2000.00146.x,2000,prefix:10.1046,Child &amp; Family Social Work,"1356-7500,1365-2206",True,True,True,True,The feminizing of neglect
97875,10.1046/j.1365-2206.2000.00144.x,2000,prefix:10.1046,Child &amp; Family Social Work,"1356-7500,1365-2206",True,True,True,True,"The over-representation of Black children in the child protection system: possible causes, consequences and solutions"
97876,10.1046/j.1365-2206.2000.00142.x,2000,prefix:10.1046,Child &amp; Family Social Work,"1356-7500,1365-2206",True,True,True,True,Mothering and child protection practice: rethinking risk assessment
97877,10.1046/j.1365-2206.2000.00136.x,2000,prefix:10.1046,Child &amp; Family Social Work,"1356-7500,1365-2206",True,True,True,True,Evaluation of therapeutic play: a challenge for research
97878,10.1046/j.1365-2206.1999.00130.x,1999,prefix:10.1046,Child &amp; Family Social Work,"1356-7500,1365-2206",True,True,True,True,Developing critical social work in theory and in practice: child protection and communicative reason
97879,10.1046/j.1365-2206.1999.00129.x,1999,prefix:10.1046,Child &amp; Family Social Work,"1356-7500,1365-2206",True,True,True,True,"Culture, cultural identity, and cultural sensitivity in child and family social work"
97880,10.1046/j.1365-2206.1999.00131.x,1999,prefix:10.1046,Child &amp; Family Social Work,"1356-7500,1365-2206",True,True,True,True,Justice for children? Child protection and the crimino-legal process
97881,10.1046/j.1365-2206.1999.00132.x,1999,prefix:10.1046,Child &amp; Family Social Work,"1356-7500,1365-2206",True,True,True,True,Discrimination in child protection work: recurring themes in work with Asian families
97882,10.1046/j.1365-2206.1999.00133.x,1999,prefix:10.1046,Child &amp; Family Social Work,"1356-7500,1365-2206",True,True,True,True,Parenting stress and anger: the Hong Kong experience
97883,10.1046/j.1365-2206.1999.00126.x,1999,prefix:10.1046,Child &amp; Family Social Work,"1356-7500,1365-2206",True,True,True,True,Holes in the safety net: the strengths and weaknesses of child protection procedures
97884,10.1046/j.1365-2206.1999.00135.x,1999,prefix:10.1046,Child &amp; Family Social Work,"1356-7500,1365-2206",True,True,True,True,A seamless service: meeting the needs of children with disabilities through a multi-agency approach
97885,10.1046/j.1365-2206.1999.00119.x,1999,prefix:10.1046,Child &amp; Family Social Work,"1356-7500,1365-2206",True,True,True,True,Children in permanent foster care in Sweden
97886,10.1046/j.1365-2206.1999.00122.x,1999,prefix:10.1046,Child &amp; Family Social Work,"1356-7500,1365-2206",True,True,True,True,Lost for words
97887,10.1046/j.1365-2206.1999.00123.x,1999,prefix:10.1046,Child &amp; Family Social Work,"1356-7500,1365-2206",True,True,True,True,Child care social work and the role of state employees
97888,10.1046/j.1365-2206.1999.00112.x,1999,prefix:10.1046,Child &amp; Family Social Work,"1356-7500,1365-2206",True,True,True,True,Children’s participation in reviews and planning meetings when they are ‘looked after’ in middle childhood
97889,10.1046/j.1365-2206.1999.00117.x,1999,prefix:10.1046,Child &amp; Family Social Work,"1356-7500,1365-2206",True,True,True,True,The rhetoric versus the reality: a critical perspective on practice with fathers in child care and protection work
97890,10.1046/j.1365-2206.1999.00124.x,1999,prefix:10.1046,Child &amp; Family Social Work,"1356-7500,1365-2206",True,True,True,True,Family centres: a focus for the children in need debate
97891,10.1046/j.1365-2206.1999.00118.x,1999,prefix:10.1046,Child &amp; Family Social Work,"1356-7500,1365-2206",True,True,True,True,Partnership and core groups in the risk society
97892,10.1046/j.1365-2206.1999.00121.x,1999,prefix:10.1046,Child &amp; Family Social Work,"1356-7500,1365-2206",True,True,True,True,Enhancing the resilience of children and young people in public care by mentoring their talents and interests
97893,10.1046/j.1365-2206.1999.00109.x,1999,prefix:10.1046,Child &amp; Family Social Work,"1356-7500,1365-2206",True,True,True,True,Responding to child sexual abuse: an evaluation of social work by children and their carers
97894,10.1046/j.1365-2206.1999.00120.x,1999,prefix:10.1046,Child &amp; Family Social Work,"1356-7500,1365-2206",True,True,True,True,Bridging the gap: feminist theory and practice reality in work with the perpetrators of child sexual abuse
97895,10.1046/j.1365-2206.1999.00128.x,1999,prefix:10.1046,Child &amp; Family Social Work,"1356-7500,1365-2206",True,True,True,True,Research Review
97896,10.1046/j.1365-2206.1999.00105.x,1999,prefix:10.1046,Child &amp; Family Social Work,"1356-7500,1365-2206",True,True,True,True,Children with relatives abroad: assessment for placement
97897,10.1046/j.1365-2206.1999.00111.x,1999,prefix:10.1046,Child &amp; Family Social Work,"1356-7500,1365-2206",True,True,True,True,The nature of child protection practices: an Irish case study
97898,10.1046/j.1365-2206.1999.00108.x,1999,prefix:10.1046,Child &amp; Family Social Work,"1356-7500,1365-2206",True,True,True,True,Inter-agency practice in suspected cases of Munchausen Syndrome by Proxy (Fictitious Illness by Proxy): dilemmas for professionals
97899,10.1046/j.1365-2206.1999.00097.x,1999,prefix:10.1046,Child &amp; Family Social Work,"1356-7500,1365-2206",True,True,True,True,Changing expectations: the impact of ‘child protection’ on Irish social work
97900,10.1046/j.1365-2206.1999.00099.x,1999,prefix:10.1046,Child &amp; Family Social Work,"1356-7500,1365-2206",True,True,True,True,Taking mothering seriously: the implications for child protection
97901,10.1046/j.1365-2206.1999.00106.x,1999,prefix:10.1046,Child &amp; Family Social Work,"1356-7500,1365-2206",True,True,True,True,Avoidance and confrontation: social work practice in relation to domestic violence and child abuse
97902,10.1046/j.1365-2206.1999.00086.x,1999,prefix:10.1046,Child &amp; Family Social Work,"1356-7500,1365-2206",True,True,True,True,Being there: a family centre worker’s role as a secure base for adolescent girls in crisis
97903,10.1046/j.1365-2206.1999.00087.x,1999,prefix:10.1046,Child &amp; Family Social Work,"1356-7500,1365-2206",True,True,True,True,Treatment and treatment outcomes in children’s homes
97904,10.1046/j.1365-2206.1999.00098.x,1999,prefix:10.1046,Child &amp; Family Social Work,"1356-7500,1365-2206",True,True,True,True,Distress and depression in new motherhood: research with adoptive mothers highlights important contributing factors
97905,10.1046/j.1365-2206.1999.00100.x,1999,prefix:10.1046,Child &amp; Family Social Work,"1356-7500,1365-2206",True,True,True,True,"‘The past, the present, but never the future’: thematic representations of fostering disruption"
97906,10.1046/j.1365-2206.1999.00104.x,1999,prefix:10.1046,Child &amp; Family Social Work,"1356-7500,1365-2206",True,True,True,True,Need as an operating concept: the case of social work with children and families
97907,10.1046/j.1365-2206.1998.00107.x,1998,prefix:10.1046,Child &amp; Family Social Work,"1356-7500,1365-2206",True,True,True,True,Research Review
97908,10.1046/j.1365-2206.1998.00078.x,1998,prefix:10.1046,Child &amp; Family Social Work,"1356-7500,1365-2206",True,True,True,True,Services for disabled children: integrating the perspective of social workers
97909,10.1046/j.1365-2206.1998.00101.x,1998,prefix:10.1046,Child &amp; Family Social Work,"1356-7500,1365-2206",True,True,True,True,The reduction of problem behaviours and school exclusion in at-risk youth: an experimental study of school social work with cost–benefit analyses
97910,10.1046/j.1365-2206.1998.00082.x,1998,prefix:10.1046,Child &amp; Family Social Work,"1356-7500,1365-2206",True,True,True,True,Growing up with a parent who has a chronic mental illness: one child’s perspective
97911,10.1046/j.1365-2206.1998.00085.x,1998,prefix:10.1046,Child &amp; Family Social Work,"1356-7500,1365-2206",True,True,True,True,Assessment issues in working with mothers who induce illness in their children
97912,10.1046/j.1365-2206.1998.00077.x,1998,prefix:10.1046,Child &amp; Family Social Work,"1356-7500,1365-2206",True,True,True,True,Psychosocial treatment and relations between children in residential boarding schools and their parents
97913,10.1046/j.1365-2206.1998.00096.x,1998,prefix:10.1046,Child &amp; Family Social Work,"1356-7500,1365-2206",True,True,True,True,No place like home: lessons learned and lessons forgotten –the Children Act 1948
97914,10.1046/j.1365-2206.1998.00093.x,1998,prefix:10.1046,Child &amp; Family Social Work,"1356-7500,1365-2206",True,True,True,True,It was more difficult than we thought: a reflection on 50 years of child welfare practice
97916,10.1046/j.1365-2206.1998.00088.x,1998,prefix:10.1046,Child &amp; Family Social Work,"1356-7500,1365-2206",True,True,True,True,Child and family social work: organizational context and identity
97917,10.1046/j.1365-2206.1998.00089.x,1998,prefix:10.1046,Child &amp; Family Social Work,"1356-7500,1365-2206",True,True,True,True,From Children's Departments to Family Departments
97918,10.1046/j.1365-2206.1998.00091.x,1998,prefix:10.1046,Child &amp; Family Social Work,"1356-7500,1365-2206",True,True,True,True,Regulating child care: from the Children Act 1948 to the present day
97919,10.1046/j.1365-2206.1998.00095.x,1998,prefix:10.1046,Child &amp; Family Social Work,"1356-7500,1365-2206",True,True,True,True,"Children Act 1948 and 1989: similarities, differences, continuities"
97920,10.1046/j.1365-2206.1998.00092.x,1998,prefix:10.1046,Child &amp; Family Social Work,"1356-7500,1365-2206",True,True,True,True,The child's voice in child and family social work decision making: the perspective of a guardian ad litem
97921,10.1046/j.1365-2206.1998.00094.x,1998,prefix:10.1046,Child &amp; Family Social Work,"1356-7500,1365-2206",True,True,True,True,Supporting families of origin: an exploration of the influence of the Children Act 1948
97922,10.1046/j.1365-2206.1998.00076.x,1998,prefix:10.1046,Child &amp; Family Social Work,"1356-7500,1365-2206",True,True,True,True,Constructions of pupil absence in the British education service
97923,10.1046/j.1365-2206.1998.00074.x,1998,prefix:10.1046,Child &amp; Family Social Work,"1356-7500,1365-2206",True,True,True,True,Working with children in women's refuges
97924,10.1046/j.1365-2206.1998.00081.x,1998,prefix:10.1046,Child &amp; Family Social Work,"1356-7500,1365-2206",True,True,True,True,Involving Children in Planning their Care
97925,10.1046/j.1365-2206.1998.00072.x,1998,prefix:10.1046,Child &amp; Family Social Work,"1356-7500,1365-2206",True,True,True,True,Leaving children unattended at home: decision-making on the use of self-care in Hong Kong
97926,10.1046/j.1365-2206.1998.00073.x,1998,prefix:10.1046,Child &amp; Family Social Work,"1356-7500,1365-2206",True,True,True,True,Placed and paid for: a national overview of the use of private and voluntary day care facilities for children in need
97927,10.1046/j.1365-2206.1998.00075.x,1998,prefix:10.1046,Child &amp; Family Social Work,"1356-7500,1365-2206",True,True,True,True,More law and more rights: will children benefit?
97928,10.1046/j.1365-2206.1998.00065.x,1998,prefix:10.1046,Child &amp; Family Social Work,"1356-7500,1365-2206",True,True,True,True,Whispers in the library: a response to Liz Trinder's article on the state of social work research
97929,10.1046/j.1365-2206.1998.00062.x,1998,prefix:10.1046,Child &amp; Family Social Work,"1356-7500,1365-2206",True,True,True,True,Inner and outer worlds: a psychosocial framework for child and family social work
97930,10.1046/j.1365-2206.1998.00068.x,1998,prefix:10.1046,Child &amp; Family Social Work,"1356-7500,1365-2206",True,True,True,True,The importance of schools and teachers in child welfare
97931,10.1046/j.1365-2206.1998.00063.x,1998,prefix:10.1046,Child &amp; Family Social Work,"1356-7500,1365-2206",True,True,True,True,Professionals’ attitudes about victims of child sexual abuse: implications for collaborative child protection teams
97932,10.1046/j.1365-2206.1998.00069.x,1998,prefix:10.1046,Child &amp; Family Social Work,"1356-7500,1365-2206",True,True,True,True,Social work supervision of young people
97933,10.1046/j.1365-2206.1998.00067.x,1998,prefix:10.1046,Child &amp; Family Social Work,"1356-7500,1365-2206",True,True,True,True,Tales of transition: self-narrative and direct scribing in exploring care-leaving
97934,10.1046/j.1365-2206.1997.00060.x,1997,prefix:10.1046,Child &amp; Family Social Work,"1356-7500,1365-2206",True,True,True,True,Critical understandings of child development: the development of a module for a post-qualifying certificate course in child protection studies
97935,10.1046/j.1365-2206.1997.00055.x,1997,prefix:10.1046,Child &amp; Family Social Work,"1356-7500,1365-2206",True,True,True,True,"Socio-genealogical connectedness, attachment theory, and childcare practice"
97936,10.1046/j.1365-2206.1997.00053.x,1997,prefix:10.1046,Child &amp; Family Social Work,"1356-7500,1365-2206",True,True,True,True,Parallel processes in researching and assessing potential carers
97937,10.1046/j.1365-2206.1997.00054.x,1997,prefix:10.1046,Child &amp; Family Social Work,"1356-7500,1365-2206",True,True,True,True,"Social workers, parents and stigma"
97938,10.1046/j.1365-2206.1997.00064.x,1997,prefix:10.1046,Child &amp; Family Social Work,"1356-7500,1365-2206",True,True,True,True,Protecting children in new times: child protection and the risk society
97939,10.1046/j.1365-2206.1997.00044.x,1997,prefix:10.1046,Child &amp; Family Social Work,"1356-7500,1365-2206",True,True,True,True,"Psychosocial and relationship-based theories for child and family social work: political philosophy, psychology and welfare practice"
97940,10.1046/j.1365-2206.1997.00056.x,1997,prefix:10.1046,Child &amp; Family Social Work,"1356-7500,1365-2206",True,True,True,True,Participatory research with children
97941,10.1046/j.1365-2206.1997.00052.x,1997,prefix:10.1046,Child &amp; Family Social Work,"1356-7500,1365-2206",True,True,True,True,Domestic violence and child abuse: developing social work practice
97942,10.1046/j.1365-2206.1997.00057.x,1997,prefix:10.1046,Child &amp; Family Social Work,"1356-7500,1365-2206",True,True,True,True,Familiar subjects? Domestic violence and child welfare
97943,10.1046/j.1365-2206.1997.00048.x,1997,prefix:10.1046,Child &amp; Family Social Work,"1356-7500,1365-2206",True,True,True,True,Inter-agency conflict: an ethnographic study
97944,10.1046/j.1365-2206.1997.00042.x,1997,prefix:10.1046,Child &amp; Family Social Work,"1356-7500,1365-2206",True,True,True,True,User-centred responses to child sexual abuse: the way forward?
97945,10.1046/j.1365-2206.1997.00038.x,1997,prefix:10.1046,Child &amp; Family Social Work,"1356-7500,1365-2206",True,True,True,True,Family involvement in decision making in child protection and care: four types of case conference
97946,10.1046/j.1365-2206.1997.00036.x,1997,prefix:10.1046,Child &amp; Family Social Work,"1356-7500,1365-2206",True,True,True,True,The purchaser/provider separation in child and family social work: Implications for service delivery and for the role of the social worker
97947,10.1046/j.1365-2206.1997.00043.x,1997,prefix:10.1046,Child &amp; Family Social Work,"1356-7500,1365-2206",True,True,True,True,Child protection and family support: a practical approach
97948,10.1046/j.1365-2206.1997.00045.x,1997,prefix:10.1046,Child &amp; Family Social Work,"1356-7500,1365-2206",True,True,True,True,An ecological approach to social work with children and families
97949,10.1046/j.1365-2206.1997.00046.x,1997,prefix:10.1046,Child &amp; Family Social Work,"1356-7500,1365-2206",True,True,True,True,Child protection services and parental reactions to children’s behaviour
97950,10.1046/j.1365-2206.1997.00030.x,1997,prefix:10.1046,Child &amp; Family Social Work,"1356-7500,1365-2206",True,True,True,True,The physical restraint of young people
97951,10.1046/j.1365-2206.1997.00037.x,1997,prefix:10.1046,Child &amp; Family Social Work,"1356-7500,1365-2206",True,True,True,True,"National Society for the Prevention of Cruelty to Children, London, UK"
97952,10.1046/j.1365-2206.1997.00049.x,1997,prefix:10.1046,Child &amp; Family Social Work,"1356-7500,1365-2206",True,True,True,True,Research review
97953,10.1046/j.1365-2206.1997.00047.x,1997,prefix:10.1046,Child &amp; Family Social Work,"1356-7500,1365-2206",True,True,True,True,Double jeopardy: the link between child abuse and maternal depression in child and family social work
97954,10.1046/j.1365-2206.1997.00041.x,1997,prefix:10.1046,Child &amp; Family Social Work,"1356-7500,1365-2206",True,True,True,True,"Children, death and ageism"
97955,10.1111/j.1365-2206.1996.tb00030.x,1996,prefix:10.1111,Child &amp; Family Social Work,"1356-7500,1365-2206",True,True,True,True,The United Nations Convention on the Rights of the Child and Canadian implementation efforts for indigenous children and youth
97956,10.1111/j.1365-2206.1996.tb00028.x,1996,prefix:10.1111,Child &amp; Family Social Work,"1356-7500,1365-2206",True,True,True,True,Services to prevent child placing-out for cocaine-affected and non-affected families
97957,10.1111/j.1365-2206.1996.tb00027.x,1996,prefix:10.1111,Child &amp; Family Social Work,"1356-7500,1365-2206",True,True,True,True,The protection of children in time: child protection and the lives and deaths of children in child abuse cases in socio-historical perspective
97958,10.1111/j.1365-2206.1996.tb00032.x,1996,prefix:10.1111,Child &amp; Family Social Work,"1356-7500,1365-2206",True,True,True,True,Short-term care for children
97959,10.1111/j.1365-2206.1996.tb00029.x,1996,prefix:10.1111,Child &amp; Family Social Work,"1356-7500,1365-2206",True,True,True,True,Social work research: the state of the art (or science)
97960,10.1111/j.1365-2206.1996.tb00031.x,1996,prefix:10.1111,Child &amp; Family Social Work,"1356-7500,1365-2206",True,True,True,True,Child protection and research: understanding the messages
97961,10.1111/j.1365-2206.1996.tb00020.x,1996,prefix:10.1111,Child &amp; Family Social Work,"1356-7500,1365-2206",True,True,True,True,Recent developments in ‘children's rights’: liberation for whom?
97962,10.1111/j.1365-2206.1996.tb00023.x,1996,prefix:10.1111,Child &amp; Family Social Work,"1356-7500,1365-2206",True,True,True,True,System abuse: towards a greater understanding from the perspectives of children and parents
97963,10.1111/j.1365-2206.1996.tb00022.x,1996,prefix:10.1111,Child &amp; Family Social Work,"1356-7500,1365-2206",True,True,True,True,Children whose parents misuse alcohol: a study of services and needs
97964,10.1111/j.1365-2206.1996.tb00021.x,1996,prefix:10.1111,Child &amp; Family Social Work,"1356-7500,1365-2206",True,True,True,True,"Family support: past, present and future challenges"
97965,10.1111/j.1365-2206.1996.tb00024.x,1996,prefix:10.1111,Child &amp; Family Social Work,"1356-7500,1365-2206",True,True,True,True,Challenging the abuse decision: a comparison of American and British perspectives on complaints and appeals
97966,10.1111/j.1365-2206.1996.tb00012.x,1996,prefix:10.1111,Child &amp; Family Social Work,"1356-7500,1365-2206",True,True,True,True,Parental competence and the welfare of the child: issues for those who work with parents with learning difficulties and their children. A response to Booth and 
97967,10.1111/j.1365-2206.1996.tb00016.x,1996,prefix:10.1111,Child &amp; Family Social Work,"1356-7500,1365-2206",True,True,True,True,The Department of Health research studies in child protection: a response to Parton
97968,10.1111/j.1365-2206.1996.tb00017.x,1996,prefix:10.1111,Child &amp; Family Social Work,"1356-7500,1365-2206",True,True,True,True,Research Review
97969,10.1111/j.1365-2206.1996.tb00014.x,1996,prefix:10.1111,Child &amp; Family Social Work,"1356-7500,1365-2206",True,True,True,True,Families formed as a result of donor insemination: the views of semen donors
97970,10.1111/j.1365-2206.1996.tb00013.x,1996,prefix:10.1111,Child &amp; Family Social Work,"1356-7500,1365-2206",True,True,True,True,"Parenting in context: policy, practice and the Pollocks. A reply to Schofield"
97971,10.1111/j.1365-2206.1996.tb00011.x,1996,prefix:10.1111,Child &amp; Family Social Work,"1356-7500,1365-2206",True,True,True,True,Parental competence and parents with learning difficulties
97972,10.1111/j.1365-2206.1996.tb00015.x,1996,prefix:10.1111,Child &amp; Family Social Work,"1356-7500,1365-2206",True,True,True,True,Parental experiences in cases of child sexual abuse: a qualitative study
97973,10.1111/j.1365-2206.1996.tb00003.x,1996,prefix:10.1111,Child &amp; Family Social Work,"1356-7500,1365-2206",True,True,True,True,Emotional abuse and neglect: a time for reappraisal
97974,10.1111/j.1365-2206.1996.tb00006.x,1996,prefix:10.1111,Child &amp; Family Social Work,"1356-7500,1365-2206",True,True,True,True,An account of the experiences of 51 families involved in an initial child protection conference
97976,10.1111/j.1365-2206.1996.tb00004.x,1996,prefix:10.1111,Child &amp; Family Social Work,"1356-7500,1365-2206",True,True,True,True,"Home and away: the residential care, education and control of children in historical and political context"
97977,10.1111/j.1365-2206.1996.tb00005.x,1996,prefix:10.1111,Child &amp; Family Social Work,"1356-7500,1365-2206",True,True,True,True,Significant harm and children's experiences of domestic violence
97978,10.1111/j.1365-2206.1996.tb00002.x,1996,prefix:10.1111,Child &amp; Family Social Work,"1356-7500,1365-2206",True,True,True,True,"Child protection, family support and social work: a critical appraisal of the Department of Health research studies in child protection"
97979,10.1111/j.1365-2206.1996.tb00007.x,1996,prefix:10.1111,Child &amp; Family Social Work,"1356-7500,1365-2206",True,True,True,True,Child protection revisited: balancing state intervention and family autonomy through social work processes
