record_id,doi,series,year,crossref_container,crossref_issn,series_is_J041,issn_is_glss,not_gerontological_issn,container_is_glss,year_in_glss_era,crossref_years,title
98548,10.1300/j041v17n04_01,J041,2006,Journal of Gay &amp; Lesbian Social Services,"1053-8720,1540-4056",True,True,True,True,True,"2004,2008",Mental health problems and use of services of lesbians: Results of the Boston lesbian health project II
98549,10.1300/j041v17n04_05,J041,2006,Journal of Gay &amp; Lesbian Social Services,"1053-8720,1540-4056",True,True,True,True,True,"2004,2008",The intention and reflection model Gay Male Therapist self-disclosure and identity management
98550,10.1300/j041v17n04_02,J041,2006,Journal of Gay &amp; Lesbian Social Services,"1053-8720,1540-4056",True,True,True,True,True,"2004,2008","Evaluation of the Anytown Leadership Institute programming on lesbian, gay, bisexual and transgender issues"
98551,10.1300/j041v17n04_04,J041,2006,Journal of Gay &amp; Lesbian Social Services,"1053-8720,1540-4056",True,True,True,True,True,"2004,2008",Barebacking and challenges to therapeutic neutrality
98552,10.1300/j041v17n04_03,J041,2006,Journal of Gay &amp; Lesbian Social Services,"1053-8720,1540-4056",True,True,True,True,True,"2004,2008",Gay and lesbian youth in foster care: Meeting their placement and service needs
98553,10.1300/j041v17n03_04,J041,2005,Journal of Gay &amp; Lesbian Social Services,"1053-8720,1540-4056",True,True,True,True,True,"2004,2008",The views of social work students toward gay and lesbian persons: Are they different from other undergraduate students?
98554,10.1300/j041v17n03_02,J041,2005,Journal of Gay &amp; Lesbian Social Services,"1053-8720,1540-4056",True,True,True,True,True,"2004,2008",Normative passing in the lesbian community: An exploratory study
98555,10.1300/j041v17n03_03,J041,2005,Journal of Gay &amp; Lesbian Social Services,"1053-8720,1540-4056",True,True,True,True,True,"2004,2008",The prison lesbian revisited
98556,10.1300/j041v17n03_01,J041,2005,Journal of Gay &amp; Lesbian Social Services,"1053-8720,1540-4056",True,True,True,True,True,"2004,2008",Monogamy of the heart: Extradyadic sex and gay male couples
98557,10.1300/j041v17n03_05,J041,2005,Journal of Gay &amp; Lesbian Social Services,"1053-8720,1540-4056",True,True,True,True,True,"2004,2008",A missing voice: Asians in contemporary gay and lesbian social service literature
98559,10.1300/j041v16n02_03,J041,2003,Journal of Gay &amp; Lesbian Social Services,"1053-8720,1540-4056",True,True,True,True,True,"2004,2008","Gay, old, and poor: Service delivery to aging gay men in inner city Sydney, Australia"
98560,10.1300/j041v16n03_11,J041,2003,Journal of Gay &amp; Lesbian Social Services,"1053-8720,1540-4056",True,True,True,True,True,"2004,2008",‘Trans’ cending barriers: Transgender organizing on the internet
98561,10.1300/j041v16n02_04,J041,2003,Journal of Gay &amp; Lesbian Social Services,"1053-8720,1540-4056",True,True,True,True,True,"2004,2008",Coping with multiple AIDS-Related loss among gay men
98562,10.1300/j041v15n03_12,J041,2003,Journal of Gay &amp; Lesbian Social Services,"1053-8720,1540-4056",True,True,True,True,True,2003,Married man
98563,10.1300/j041v15n01_12,J041,2003,Journal of Gay &amp; Lesbian Social Services,"1053-8720,1540-4056",True,True,True,True,True,2003,"Applying ethical standards to research and evaluations involving lesbian, gay, bisexual, and transgender populations"
98564,10.1300/j041v15n03_03,J041,2003,Journal of Gay &amp; Lesbian Social Services,"1053-8720,1540-4056",True,True,True,True,True,2003,30s good looking
98565,10.1300/j041v15n01_07,J041,2003,Journal of Gay &amp; Lesbian Social Services,"1053-8720,1540-4056",True,True,True,True,True,2003,Self-disclosure stress: Trauma as an example of an intervening variable in research with lesbian women
98566,10.1300/j041v15n01_09,J041,2003,Journal of Gay &amp; Lesbian Social Services,"1053-8720,1540-4056",True,True,True,True,True,2003,"8,000 miles and still counting … reaching gay, lesbian and bisexual adolescents for research"
98567,10.1300/j041v15n01_02,J041,2003,Journal of Gay &amp; Lesbian Social Services,"1053-8720,1540-4056",True,True,True,True,True,2003,When interviewing “family”: Maximizing the insider advantage in the qualitative study of lesbians and gay men
98568,10.1300/j041v15n03_11,J041,2003,Journal of Gay &amp; Lesbian Social Services,"1053-8720,1540-4056",True,True,True,True,True,2003,A bit of a lie down
98569,10.1300/j041v16n03_08,J041,2003,Journal of Gay &amp; Lesbian Social Services,"1053-8720,1540-4056",True,True,True,True,True,"2004,2008",Grassroots meet homophobia: A rocky mountain success story
98570,10.1300/j041v16n03_02,J041,2003,Journal of Gay &amp; Lesbian Social Services,"1053-8720,1540-4056",True,True,True,True,True,"2004,2008",One community’s path to greater social justice: Building on earlier successes
98571,10.1300/j041v15n03_13,J041,2003,Journal of Gay &amp; Lesbian Social Services,"1053-8720,1540-4056",True,True,True,True,True,2003,Sex and truth in gay men’s narratives
98572,10.1300/j041v16n03_03,J041,2003,Journal of Gay &amp; Lesbian Social Services,"1053-8720,1540-4056",True,True,True,True,True,"2004,2008",Coalition building and electoral organizing in the passage of anti-discrimination laws: The case of connecticut
98573,10.1300/j041v14n04_08,J041,2003,Journal of Gay &amp; Lesbian Social Services,"1053-8720,1540-4056",True,True,True,True,True,"2002,2008","Substance abuse in lesbian, gay, bisexual, and transgender communities"
98574,10.1300/j041v15n03_02,J041,2003,Journal of Gay &amp; Lesbian Social Services,"1053-8720,1540-4056",True,True,True,True,True,2003,A boy and his dick
98575,10.1300/j041v16n02_05,J041,2003,Journal of Gay &amp; Lesbian Social Services,"1053-8720,1540-4056",True,True,True,True,True,"2004,2008",Sissies and tomboys: Gender role behaviors and homophobia
98576,10.1300/j041v15n03_08,J041,2003,Journal of Gay &amp; Lesbian Social Services,"1053-8720,1540-4056",True,True,True,True,True,2003,Beating the odds
98577,10.1300/j041v16n02_08,J041,2003,Journal of Gay &amp; Lesbian Social Services,"1053-8720,1540-4056",True,True,True,True,True,"2004,2008",Three decades in the gay community as a straight therapist
98578,10.1300/j041v16n03_09,J041,2003,Journal of Gay &amp; Lesbian Social Services,"1053-8720,1540-4056",True,True,True,True,True,"2004,2008",The importance of GLBT think tanks to our agenda of equality and liberation
98579,10.1300/j041v15n03_14,J041,2003,Journal of Gay &amp; Lesbian Social Services,"1053-8720,1540-4056",True,True,True,True,True,2003,Homosexuality in midlife: Narrative and identity
98580,10.1300/j041v16n01_04,J041,2003,Journal of Gay &amp; Lesbian Social Services,"1053-8720,1540-4056",True,True,True,True,True,"2004,2008",Towards equality through legal reform: Empowerment and mobilization of the tongzhi (LGBT) community in Hong Kong
98581,10.1300/j041v16n02_07,J041,2003,Journal of Gay &amp; Lesbian Social Services,"1053-8720,1540-4056",True,True,True,True,True,"2004,2008",Psychotherapy with lesbian and gay clients from an adult life course perspective
98582,10.1300/j041v16n02_06,J041,2003,Journal of Gay &amp; Lesbian Social Services,"1053-8720,1540-4056",True,True,True,True,True,"2004,2008",Beginning practice with preoperative male-to-female transgender clients
98583,10.1300/j041v15n03_05,J041,2003,Journal of Gay &amp; Lesbian Social Services,"1053-8720,1540-4056",True,True,True,True,True,2003,Gay bars and serendipity
98584,10.1300/j041v16n03_05,J041,2003,Journal of Gay &amp; Lesbian Social Services,"1053-8720,1540-4056",True,True,True,True,True,"2004,2008","Resisting fragmentation, living whole: Four female transgender students of color speak about school"
98585,10.1300/j041v15n01_10,J041,2003,Journal of Gay &amp; Lesbian Social Services,"1053-8720,1540-4056",True,True,True,True,True,2003,A study of sampling in research in the field of lesbian and gay studies
98586,10.1300/j041v15n03_01,J041,2003,Journal of Gay &amp; Lesbian Social Services,"1053-8720,1540-4056",True,True,True,True,True,2003,Something special
98587,10.1300/j041v15n01_06,J041,2003,Journal of Gay &amp; Lesbian Social Services,"1053-8720,1540-4056",True,True,True,True,True,2003,Research with gay drug users and the interface with hiv: Current methodological issues for social work research
98588,10.1300/j041v14n04_07,J041,2003,Journal of Gay &amp; Lesbian Social Services,"1053-8720,1540-4056",True,True,True,True,True,"2002,2008",When the researcher is gay or lesbian: Issues of experimenter bias
98589,10.1300/j041v15n01_08,J041,2003,Journal of Gay &amp; Lesbian Social Services,"1053-8720,1540-4056",True,True,True,True,True,2003,Dimensions of lesbian identity during adolescence and young adulthood
98590,10.1300/j041v14n04_03,J041,2003,Journal of Gay &amp; Lesbian Social Services,"1053-8720,1540-4056",True,True,True,True,True,"2002,2008",Characteristics of a group of lesbian and gay radical street activists
98591,10.1300/j041v16n03_04,J041,2003,Journal of Gay &amp; Lesbian Social Services,"1053-8720,1540-4056",True,True,True,True,True,"2004,2008",Organizing to amend antidiscrimination statutes in Maryland
98592,10.1300/j041v15n01_04,J041,2003,Journal of Gay &amp; Lesbian Social Services,"1053-8720,1540-4056",True,True,True,True,True,2003,Empowering gay and lesbian caregivers and uncovering their unique experiences through the use of qualitative methods
98593,10.1300/j041v15n03_09,J041,2003,Journal of Gay &amp; Lesbian Social Services,"1053-8720,1540-4056",True,True,True,True,True,2003,Massage man
98596,10.1300/j041v16n03_07,J041,2003,Journal of Gay &amp; Lesbian Social Services,"1053-8720,1540-4056",True,True,True,True,True,"2004,2008",Building community-based alliances between GLBTQQA youth and adults in rural settings
98597,10.1300/j041v16n03_10,J041,2003,Journal of Gay &amp; Lesbian Social Services,"1053-8720,1540-4056",True,True,True,True,True,"2004,2008",Assessing health and social service needs in the GLB population: The norwegian experience
98598,10.1300/j041v16n02_01,J041,2003,Journal of Gay &amp; Lesbian Social Services,"1053-8720,1540-4056",True,True,True,True,True,"2004,2008",Club drug and poly-substance abuse and HIV among gay/bisexual men: Lessons gleaned from a community study
98599,10.1300/j041v14n04_02,J041,2003,Journal of Gay &amp; Lesbian Social Services,"1053-8720,1540-4056",True,True,True,True,True,"2002,2008",Recreational drug use and HIV-risk sexual behavior among men frequenting gay social venues
98600,10.1300/j041v16n03_06,J041,2003,Journal of Gay &amp; Lesbian Social Services,"1053-8720,1540-4056",True,True,True,True,True,"2004,2008","Building community for Toronto’s Lesbian, gay, bisexual, transsexual and transgender youth"
98601,10.1300/j041v16n03_01,J041,2003,Journal of Gay &amp; Lesbian Social Services,"1053-8720,1540-4056",True,True,True,True,True,"2004,2008",Organizing for change: One city’s journey toward justice
98602,10.1300/j041v16n01_02,J041,2003,Journal of Gay &amp; Lesbian Social Services,"1053-8720,1540-4056",True,True,True,True,True,"2004,2008","Namaji: Two-spirit organizing in montreal, Canada"
98603,10.1300/j041v15n01_05,J041,2003,Journal of Gay &amp; Lesbian Social Services,"1053-8720,1540-4056",True,True,True,True,True,2003,Methodological issues in conducting community-based health and social services research among urban black and african american LGBT populations
98604,10.1300/j041v16n03_13,J041,2003,Journal of Gay &amp; Lesbian Social Services,"1053-8720,1540-4056",True,True,True,True,True,"2004,2008",A Gay and Lesbian Congregation Seeks Social Justice for Other Marginalized Communities
98605,10.1300/j041v14n04_04,J041,2003,Journal of Gay &amp; Lesbian Social Services,"1053-8720,1540-4056",True,True,True,True,True,"2002,2008",Meeting the needs of the gay and lesbian community: Outcomes in the human services
98606,10.1300/j041v14n04_01,J041,2003,Journal of Gay &amp; Lesbian Social Services,"1053-8720,1540-4056",True,True,True,True,True,"2002,2008","Substance abuse treatment with lesbian, gay and bisexual people"
98607,10.1300/j041v16n01_01,J041,2003,Journal of Gay &amp; Lesbian Social Services,"1053-8720,1540-4056",True,True,True,True,True,"2004,2008",All the bridges that we build: Lesbophobia and sexism within the women’s and gay movements in Peru
98608,10.1300/j041v15n01_01,J041,2003,Journal of Gay &amp; Lesbian Social Services,"1053-8720,1540-4056",True,True,True,True,True,2003,"Exploring current themes in research on gay, lesbian, bisexual and transgender populations"
98609,10.1300/j041v16n03_12,J041,2003,Journal of Gay &amp; Lesbian Social Services,"1053-8720,1540-4056",True,True,True,True,True,"2004,2008",“AM/FM activism”: Taking national media tools to a local level
98610,10.1300/j041v16n02_02,J041,2003,Journal of Gay &amp; Lesbian Social Services,"1053-8720,1540-4056",True,True,True,True,True,"2004,2008",Coming out in mid-adulthood: Building a new identity
98611,10.1300/j041v14n04_05,J041,2003,Journal of Gay &amp; Lesbian Social Services,"1053-8720,1540-4056",True,True,True,True,True,"2002,2008",“… we didn’t connect at all …”: The experiences of a gay client
98612,10.1300/j041v15n01_03,J041,2003,Journal of Gay &amp; Lesbian Social Services,"1053-8720,1540-4056",True,True,True,True,True,2003,Researching gay and lesbian domestic violence: The journey of a non-lgbt researcher
98613,10.1300/j041v16n01_05,J041,2003,Journal of Gay &amp; Lesbian Social Services,"1053-8720,1540-4056",True,True,True,True,True,"2004,2008",A fair representation: GALZ and the history of the gay movement in Zimbabwe
98614,10.1300/j041v15n03_10,J041,2003,Journal of Gay &amp; Lesbian Social Services,"1053-8720,1540-4056",True,True,True,True,True,2003,Dance of the dedicated bottom
98617,10.1300/j041v16n01_03,J041,2003,Journal of Gay &amp; Lesbian Social Services,"1053-8720,1540-4056",True,True,True,True,True,"2004,2008",Yoesuf: An islamic idea with dutch quality
98618,10.1300/j041v16n03_14,J041,2003,Journal of Gay &amp; Lesbian Social Services,"1053-8720,1540-4056",True,True,True,True,True,"2004,2008",From movement demands to legislation: Organizing in the lgbt community in mexico city
98620,10.1300/j041v14n04_06,J041,2003,Journal of Gay &amp; Lesbian Social Services,"1053-8720,1540-4056",True,True,True,True,True,"2002,2008","Sexuality, boundaries, professional ethics, and clinical practice: The kink community"
98622,10.1300/j041v15n01_11,J041,2003,Journal of Gay &amp; Lesbian Social Services,"1053-8720,1540-4056",True,True,True,True,True,2003,Matching AIDS service organizations’ philosophy of service provision with a compatible style of program evaluation
98623,10.1300/j041v15n03_07,J041,2003,Journal of Gay &amp; Lesbian Social Services,"1053-8720,1540-4056",True,True,True,True,True,2003,"A revelation; or, what happened in the back of the econovan"
98624,10.1300/j041v14n02_03,J041,2002,Journal of Gay &amp; Lesbian Social Services,"1053-8720,1540-4056",True,True,True,True,True,2002,Banking goodwill: Working towards children's happiness and safety at school through the strategies we've learnt as lesbian mothers–a personal reflection
98625,10.1300/j041v14n02_01,J041,2002,Journal of Gay &amp; Lesbian Social Services,"1053-8720,1540-4056",True,True,True,True,True,2002,Playing with fire: (Homo)sexuality and schooling in New Zealand
98626,10.1300/j041v14n02_02,J041,2002,Journal of Gay &amp; Lesbian Social Services,"1053-8720,1540-4056",True,True,True,True,True,2002,Whose problem is this?: Queerying the framing of lesbian and gay secondary school students within “at risk” discourses
98627,10.1300/j041v14n02_04,J041,2002,Journal of Gay &amp; Lesbian Social Services,"1053-8720,1540-4056",True,True,True,True,True,2002,Why queer theory is useful in teaching: A perspective from English as a second language teaching
98628,10.1300/j041v14n02_07,J041,2002,Journal of Gay &amp; Lesbian Social Services,"1053-8720,1540-4056",True,True,True,True,True,2002,Heterosexual attitudes to homosexuality: Homophobia at a rural Australian University
98629,10.1300/j041v14n02_08,J041,2002,Journal of Gay &amp; Lesbian Social Services,"1053-8720,1540-4056",True,True,True,True,True,2002,Psychiatric disorder or straight prejudice?: The role of education in overcoming homophobia
98630,10.1300/j041v14n02_05,J041,2002,Journal of Gay &amp; Lesbian Social Services,"1053-8720,1540-4056",True,True,True,True,True,2002,A reflection of resistance: Discourses of heterosexism and homophobia in teacher training classrooms
98631,10.1300/j041v14n02_06,J041,2002,Journal of Gay &amp; Lesbian Social Services,"1053-8720,1540-4056",True,True,True,True,True,2002,"Discrimination against gay men, lesbians, and transgender people working in education"
98632,10.1300/j041v13n04_05,J041,2002,Journal of Gay &amp; Lesbian Social Services,"1053-8720,1540-4056",True,True,True,True,True,"2001,2008","Being lesbian, gay, bisexual, and 60 or older in north america"
98633,10.1300/j041v13n04_01,J041,2002,Journal of Gay &amp; Lesbian Social Services,"1053-8720,1540-4056",True,True,True,True,True,"2001,2008",A Call to action
98634,10.1300/j041v14n01_01,J041,2002,Journal of Gay &amp; Lesbian Social Services,"1053-8720,1540-4056",True,True,True,True,True,"2002,2008",The decision to tell: Factors influencing the disclosure of sexual orientation by gay men
98635,10.1300/j041v13n04_08,J041,2002,Journal of Gay &amp; Lesbian Social Services,"1053-8720,1540-4056",True,True,True,True,True,"2001,2008",Gods or monsters: A critique of representations in film and literature of relationships between older gay men and younger men
98636,10.1300/j041v13n04_07,J041,2002,Journal of Gay &amp; Lesbian Social Services,"1053-8720,1540-4056",True,True,True,True,True,"2001,2008",What Are Older Gay Men Like?: An Impossible Question?
98637,10.1300/j041v14n01_04,J041,2002,Journal of Gay &amp; Lesbian Social Services,"1053-8720,1540-4056",True,True,True,True,True,"2002,2008",Reclaiming space-regaining health: The health care experiences of two-spirit people in Canada
98638,10.1300/j041v13n04_09,J041,2002,Journal of Gay &amp; Lesbian Social Services,"1053-8720,1540-4056",True,True,True,True,True,"2001,2008",Retirement intentions of same-sex couples
98639,10.1300/j041v13n04_04,J041,2002,Journal of Gay &amp; Lesbian Social Services,"1053-8720,1540-4056",True,True,True,True,True,"2001,2008",Being transgender and older: A first person account
98640,10.1300/j041v13n04_02,J041,2002,Journal of Gay &amp; Lesbian Social Services,"1053-8720,1540-4056",True,True,True,True,True,"2001,2008","Is Having the Luck of Growing Old in the Gay, Lesbian, Bisexual, Transgender Community Good or Bad Luck?"
98641,10.1300/j041v13n04_10,J041,2002,Journal of Gay &amp; Lesbian Social Services,"1053-8720,1540-4056",True,True,True,True,True,"2001,2008",Preliminary study of caregiving and post-caregiving experiences of older gay men and lesbians
98642,10.1300/j041v13n04_06,J041,2002,Journal of Gay &amp; Lesbian Social Services,"1053-8720,1540-4056",True,True,True,True,True,"2001,2008",Gay men: Aging well!
98643,10.1300/j041v14n01_05,J041,2002,Journal of Gay &amp; Lesbian Social Services,"1053-8720,1540-4056",True,True,True,True,True,"2002,2008","Body image, working out, and therapy"
98644,10.1300/j041v14n01_02,J041,2002,Journal of Gay &amp; Lesbian Social Services,"1053-8720,1540-4056",True,True,True,True,True,"2002,2008","Gay men’s domestic violence: Dynamics, help-seeking behaviors, and correlates"
98645,10.1300/j041v14n01_07,J041,2002,Journal of Gay &amp; Lesbian Social Services,"1053-8720,1540-4056",True,True,True,True,True,"2002,2008",Internet resources
98646,10.1300/j041v13n04_12,J041,2002,Journal of Gay &amp; Lesbian Social Services,"1053-8720,1540-4056",True,True,True,True,True,"2001,2008",Responding to the mental health and grief concerns of homeless HIV-Infected gay men
98647,10.1300/j041v14n01_06,J041,2002,Journal of Gay &amp; Lesbian Social Services,"1053-8720,1540-4056",True,True,True,True,True,"2002,2008",Violence in gay and lesbian relationships
98648,10.1300/j041v14n03_03,J041,2002,Journal of Gay &amp; Lesbian Social Services,"1053-8720,1540-4056",True,True,True,True,True,2002,"A qualitative analysis of cultural and social vulnerabilities to hiv infection among gay, lesbian, and bisexual asian youth"
98649,10.1300/j041v14n03_04,J041,2002,Journal of Gay &amp; Lesbian Social Services,"1053-8720,1540-4056",True,True,True,True,True,2002,The san francisco gay men’s chorus: A historical perspective on the role of a chorus as a social service
98650,10.1300/j041v13n04_03,J041,2002,Journal of Gay &amp; Lesbian Social Services,"1053-8720,1540-4056",True,True,True,True,True,"2001,2008",Aging in the United States today
98651,10.1300/j041v14n03_01,J041,2002,Journal of Gay &amp; Lesbian Social Services,"1053-8720,1540-4056",True,True,True,True,True,2002,Lesbian aging: Review of a growing literature
98652,10.1300/j041v14n03_02,J041,2002,Journal of Gay &amp; Lesbian Social Services,"1053-8720,1540-4056",True,True,True,True,True,2002,Lesbian and gay elders: Connecting care providers through a telephone support group
98653,10.1300/j041v13n04_11,J041,2002,Journal of Gay &amp; Lesbian Social Services,"1053-8720,1540-4056",True,True,True,True,True,"2001,2008",Vision and older adults
98654,10.1300/j041v14n01_03,J041,2002,Journal of Gay &amp; Lesbian Social Services,"1053-8720,1540-4056",True,True,True,True,True,"2002,2008",Utilization of mental health services
98655,10.1300/j041v14n03_07,J041,2002,Journal of Gay &amp; Lesbian Social Services,"1053-8720,1540-4056",True,True,True,True,True,2002,"Health care for all lesbian, gay, bisexual, and transgender populations"
98656,10.1300/j041v14n03_06,J041,2002,Journal of Gay &amp; Lesbian Social Services,"1053-8720,1540-4056",True,True,True,True,True,2002,Homosexuality and risk for psychiatric disorders
98657,10.1300/j041v14n03_05,J041,2002,Journal of Gay &amp; Lesbian Social Services,"1053-8720,1540-4056",True,True,True,True,True,2002,Terrorist attacks in america: Impact on queer clients and clinicians
98658,10.1300/j041v13n03_06,J041,2001,Journal of Gay &amp; Lesbian Social Services,"1053-8720,1540-4056",True,True,True,True,True,2001,Developmental attachment and gay and lesbian adoptions
98659,10.1300/j041v13n01_09,J041,2001,Journal of Gay &amp; Lesbian Social Services,"1053-8720,1540-4056",True,True,True,True,True,2001,Who gets to drink from the fountain of freedom?: Homophobia in Communities of color
98660,10.1300/j041v13n01_04,J041,2001,Journal of Gay &amp; Lesbian Social Services,"1053-8720,1540-4056",True,True,True,True,True,2001,"Human rights, hate crimes, and hebrew-christian scripture"
98661,10.1300/j041v13n03_04,J041,2001,Journal of Gay &amp; Lesbian Social Services,"1053-8720,1540-4056",True,True,True,True,True,2001,Deaf and hearing-impaired lesbians and gay males
98662,10.1300/j041v13n01_05,J041,2001,Journal of Gay &amp; Lesbian Social Services,"1053-8720,1540-4056",True,True,True,True,True,2001,"Language, violence, and queer people: Social and cultural change strategies"
98663,10.1300/j041v13n01_06,J041,2001,Journal of Gay &amp; Lesbian Social Services,"1053-8720,1540-4056",True,True,True,True,True,2001,Sticks and stones can break your bones: Verbal harassment and physical violence in the lives of gay and lesbian youths in child welfare settings
98664,10.1300/j041v13n01_03,J041,2001,Journal of Gay &amp; Lesbian Social Services,"1053-8720,1540-4056",True,True,True,True,True,2001,Human rights in the 20th century
98665,10.1300/j041v13n01_07,J041,2001,Journal of Gay &amp; Lesbian Social Services,"1053-8720,1540-4056",True,True,True,True,True,2001,Domestic violence: The ultimate betrayal of human rights
98666,10.1300/j041v13n01_14,J041,2001,Journal of Gay &amp; Lesbian Social Services,"1053-8720,1540-4056",True,True,True,True,True,2001,"Competencies at the intersection of difference, tolerance, and prevention of hate crimes"
98667,10.1300/j041v13n01_10,J041,2001,Journal of Gay &amp; Lesbian Social Services,"1053-8720,1540-4056",True,True,True,True,True,2001,"Sexual orientation bias experiences and service needs of gay, lesbian, bisexual, transgendered, and two-spirited American Indians"
98668,10.1300/j041v12n03_01,J041,2001,Journal of Gay &amp; Lesbian Social Services,"1053-8720,1540-4056",True,True,True,True,True,2001,Practice and Theoretical Knowledge-Based Theory for Clinical and Policy Practice
98669,10.1300/j041v13n01_13,J041,2001,Journal of Gay &amp; Lesbian Social Services,"1053-8720,1540-4056",True,True,True,True,True,2001,Social justice advocacy readiness questionnaire
98670,10.1300/j041v13n01_11,J041,2001,Journal of Gay &amp; Lesbian Social Services,"1053-8720,1540-4056",True,True,True,True,True,2001,Older gays and lesbians: Surviving a generation of hate and violence
98671,10.1300/j041v13n03_05,J041,2001,Journal of Gay &amp; Lesbian Social Services,"1053-8720,1540-4056",True,True,True,True,True,2001,"Sexuality, boundaries, professional ethics, and clinical practice"
98672,10.1300/j041v13n01_02,J041,2001,Journal of Gay &amp; Lesbian Social Services,"1053-8720,1540-4056",True,True,True,True,True,2001,A tribute to matthew shepard
98673,10.1300/j041v13n01_01,J041,2001,Journal of Gay &amp; Lesbian Social Services,"1053-8720,1540-4056",True,True,True,True,True,2001,Introduction
98674,10.1300/j041v13n03_02,J041,2001,Journal of Gay &amp; Lesbian Social Services,"1053-8720,1540-4056",True,True,True,True,True,2001,Sexual orientation and supervision
98676,10.1300/j041v13n03_03,J041,2001,Journal of Gay &amp; Lesbian Social Services,"1053-8720,1540-4056",True,True,True,True,True,2001,African-american same-gender-loving youths and families in urban schools
98677,10.1300/j041v13n03_01,J041,2001,Journal of Gay &amp; Lesbian Social Services,"1053-8720,1540-4056",True,True,True,True,True,2001,The “Other mother” and second parent adoption
98678,10.1300/j041v13n01_08,J041,2001,Journal of Gay &amp; Lesbian Social Services,"1053-8720,1540-4056",True,True,True,True,True,2001,"Economic rights, economic myths, and economic realities"
98679,10.1300/j041v10n03_06,J041,2000,Journal of Gay &amp; Lesbian Social Services,"1053-8720,1540-4056",True,True,True,True,True,"1999,2008",Reflections of an Emerging Male-to-Female Transgendered Consciousness
98680,10.1300/j041v12n01_09,J041,2000,Journal of Gay &amp; Lesbian Social Services,"1053-8720,1540-4056",True,True,True,True,True,2000,Cross cultural perspectives in treating the gay male trauma survivor
98681,10.1300/j041v11n04_03,J041,2000,Journal of Gay &amp; Lesbian Social Services,"1053-8720,1540-4056",True,True,True,True,True,"2000,2008",Inter-racial same-sex abuse: The vulnerability of gay men of asian descent in relationships with caucasian men
98682,10.1300/j041v10n03_04,J041,2000,Journal of Gay &amp; Lesbian Social Services,"1053-8720,1540-4056",True,True,True,True,True,"1999,2008",Practice with Transgendered Children
98683,10.1300/j041v12n01_05,J041,2000,Journal of Gay &amp; Lesbian Social Services,"1053-8720,1540-4056",True,True,True,True,True,2000,Variety is the Spice
98684,10.1300/j041v11n02_01,J041,2000,Journal of Gay &amp; Lesbian Social Services,"1053-8720,1540-4056",True,True,True,True,True,2000,Lesbian Friendships at Midlife: Patterns and Possibilities for the 21st Century
98685,10.1300/j041v10n03_05,J041,2000,Journal of Gay &amp; Lesbian Social Services,"1053-8720,1540-4056",True,True,True,True,True,"1999,2008",Practice with Female-to-Male Transgendered Youth
98686,10.1300/j041v11n02_02,J041,2000,Journal of Gay &amp; Lesbian Social Services,"1053-8720,1540-4056",True,True,True,True,True,2000,The Bloom Is on the Rose: The Impact of Midlife on the Lesbian Couple
98687,10.1300/j041v11n02_05,J041,2000,Journal of Gay &amp; Lesbian Social Services,"1053-8720,1540-4056",True,True,True,True,True,2000,Making Up for Lost Time: Chemically Dependent Lesbians in Later Midlife
98688,10.1300/j041v10n03_09,J041,2000,Journal of Gay &amp; Lesbian Social Services,"1053-8720,1540-4056",True,True,True,True,True,"1999,2008",A Call for Organizational Trans-Formation
98689,10.1300/j041v12n01_04,J041,2000,Journal of Gay &amp; Lesbian Social Services,"1053-8720,1540-4056",True,True,True,True,True,2000,Eye movement desensitization and reprocessing in the treatment of traumatized gay men
98690,10.1300/j041v11n04_07,J041,2000,Journal of Gay &amp; Lesbian Social Services,"1053-8720,1540-4056",True,True,True,True,True,"2000,2008",Gay Youth: More visible but fewer problems?
98691,10.1300/j041v11n02_04,J041,2000,Journal of Gay &amp; Lesbian Social Services,"1053-8720,1540-4056",True,True,True,True,True,2000,Lesbian Dating and Courtship from Young Adulthood to Midlife
98692,10.1300/j041v11n04_02,J041,2000,Journal of Gay &amp; Lesbian Social Services,"1053-8720,1540-4056",True,True,True,True,True,"2000,2008",Religion and the spiritual needs of gay mormon men
98693,10.1300/j041v10n03_03,J041,2000,Journal of Gay &amp; Lesbian Social Services,"1053-8720,1540-4056",True,True,True,True,True,"1999,2008",Internal and External Stress Factors Associated with the Identity Development of Transgendered Youth
98694,10.1300/j041v10n02_02,J041,2000,Journal of Gay &amp; Lesbian Social Services,"1053-8720,1540-4056",True,True,True,True,True,"1999,2008",Seeking Help for Same-Sex Relationship Abuses
98695,10.1300/j041v10n02_04,J041,2000,Journal of Gay &amp; Lesbian Social Services,"1053-8720,1540-4056",True,True,True,True,True,"1999,2008",Gay and Lesbian Adolescents and Their Families
98696,10.1300/j041v12n01_08,J041,2000,Journal of Gay &amp; Lesbian Social Services,"1053-8720,1540-4056",True,True,True,True,True,2000,HIV and the cycle of trauma in gay men
98697,10.1300/j041v11n01_01,J041,2000,Journal of Gay &amp; Lesbian Social Services,"1053-8720,1540-4056",True,True,True,True,True,2000,"Alcohol, tobacco, and pharmaceutical industry funding: Considerations for organizations serving lesbian, gay, bisexual, and transgender communities"
98698,10.1300/j041v10n03_02,J041,2000,Journal of Gay &amp; Lesbian Social Services,"1053-8720,1540-4056",True,True,True,True,True,"1999,2008",Ethical Issues in the Mental Health Treatment of Gender Dysphoric Adolescents
98699,10.1300/j041v10n01_06,J041,2000,Journal of Gay &amp; Lesbian Social Services,"1053-8720,1540-4056",True,True,True,True,True,"1999,2008",It’s all a matter of attitude: Creating and maintaining receptive services for sexual minority families
98700,10.1300/j041v11n01_04,J041,2000,Journal of Gay &amp; Lesbian Social Services,"1053-8720,1540-4056",True,True,True,True,True,2000,Domestic abuse and hiv-risk behavior in latin american men who have sex with men in new york city
98701,10.1300/j041v11n02_03,J041,2000,Journal of Gay &amp; Lesbian Social Services,"1053-8720,1540-4056",True,True,True,True,True,2000,Filial Bereavement: Midlife Lesbian Daughters and Intersubjective Thoughts
98702,10.1300/j041v11n01_06,J041,2000,Journal of Gay &amp; Lesbian Social Services,"1053-8720,1540-4056",True,True,True,True,True,2000,Hate crimes: Including the field of mental health in the debate
98703,10.1300/j041v12n01_07,J041,2000,Journal of Gay &amp; Lesbian Social Services,"1053-8720,1540-4056",True,True,True,True,True,2000,Illusions of intimacy
98704,10.1300/j041v11n04_06,J041,2000,Journal of Gay &amp; Lesbian Social Services,"1053-8720,1540-4056",True,True,True,True,True,"2000,2008",Cyber counseling for queer clients and clinicians
98705,10.1300/j041v11n02_07,J041,2000,Journal of Gay &amp; Lesbian Social Services,"1053-8720,1540-4056",True,True,True,True,True,2000,Family Support Patterns for Midlife Lesbians: Recollections of a Lesbian Couple 1971-1997
98706,10.1300/j041v10n01_01,J041,2000,Journal of Gay &amp; Lesbian Social Services,"1053-8720,1540-4056",True,True,True,True,True,"1999,2008",Out in this world: The social and legal context of gay and lesbian families
98707,10.1300/j041v12n01_10,J041,2000,Journal of Gay &amp; Lesbian Social Services,"1053-8720,1540-4056",True,True,True,True,True,2000,New directions for research examining sexual trauma histories of gay men
98708,10.1300/j041v10n02_01,J041,2000,Journal of Gay &amp; Lesbian Social Services,"1053-8720,1540-4056",True,True,True,True,True,"1999,2008",Growth Inducing Conflict Resolution Strategies as a Means of Reducing the Impact of Discordant Outness on Relationship Satisfaction
98709,10.1300/j041v10n01_05,J041,2000,Journal of Gay &amp; Lesbian Social Services,"1053-8720,1540-4056",True,True,True,True,True,"1999,2008",Familism and the adoption option for gay and lesbian parents
98710,10.1300/j041v11n04_01,J041,2000,Journal of Gay &amp; Lesbian Social Services,"1053-8720,1540-4056",True,True,True,True,True,"2000,2008",Gay men and lesbians as adoptive parents
98711,10.1300/j041v11n04_04,J041,2000,Journal of Gay &amp; Lesbian Social Services,"1053-8720,1540-4056",True,True,True,True,True,"2000,2008",Thinking versus acting: Assessing the relationship between heterosexual attitudes and behaviors toward homosexuals
98712,10.1300/j041v11n02_06,J041,2000,Journal of Gay &amp; Lesbian Social Services,"1053-8720,1540-4056",True,True,True,True,True,2000,Midlife Lesbian Parenting
98713,10.1300/j041v12n01_06,J041,2000,Journal of Gay &amp; Lesbian Social Services,"1053-8720,1540-4056",True,True,True,True,True,2000,Beneath contempt: The mistreatment of non-traditional/gender atypical boys
98714,10.1300/j041v10n02_03,J041,2000,Journal of Gay &amp; Lesbian Social Services,"1053-8720,1540-4056",True,True,True,True,True,"1999,2008",Childhood Sexual Abuse and Domestic Violence: A Support Group for Latino Gay Men and Lesbians
98715,10.1300/j041v11n01_02,J041,2000,Journal of Gay &amp; Lesbian Social Services,"1053-8720,1540-4056",True,True,True,True,True,2000,"Mental health impact of child sexual abuse, rape, intimate partner violence, and hate crimes in the national lesbian health care survey"
98716,10.1300/j041v11n01_05,J041,2000,Journal of Gay &amp; Lesbian Social Services,"1053-8720,1540-4056",True,True,True,True,True,2000,Reflections on 22 years of practice with gay men
98717,10.1300/j041v11n01_03,J041,2000,Journal of Gay &amp; Lesbian Social Services,"1053-8720,1540-4056",True,True,True,True,True,"2000,2008",Comparing lesbians’ and heterosexual women’s mental health: A multi-site survey
98718,10.1300/j041v10n01_04,J041,2000,Journal of Gay &amp; Lesbian Social Services,"1053-8720,1540-4056",True,True,True,True,True,"1999,2008",Raising our sons: Gay men as fathers
98719,10.1300/j041v12n01_02,J041,2000,Journal of Gay &amp; Lesbian Social Services,"1053-8720,1540-4056",True,True,True,True,True,2000,Childhood sexual trauma in gay men: Social context and the imprinted arousal pattern
98720,10.1300/j041v11n04_05,J041,2000,Journal of Gay &amp; Lesbian Social Services,"1053-8720,1540-4056",True,True,True,True,True,"2000,2008","From fragmentation to integration: Affirming the identities of culturally diverse, mentally Ill lesbians and gay men"
98721,10.1300/j041v10n01_02,J041,2000,Journal of Gay &amp; Lesbian Social Services,"1053-8720,1540-4056",True,True,True,True,True,"1999,2008",Lesbian families: Achieving motherhood
98722,10.1300/j041v12n01_03,J041,2000,Journal of Gay &amp; Lesbian Social Services,"1053-8720,1540-4056",True,True,True,True,True,2000,Phase oriented psychotherapy for gay men recovering from trauma
98723,10.1300/j041v12n01_01,J041,2000,Journal of Gay &amp; Lesbian Social Services,"1053-8720,1540-4056",True,True,True,True,True,2000,Introduction: Integrating the experience of childhood sexual trauma in gay men
98724,10.1300/j041v10n03_07,J041,2000,Journal of Gay &amp; Lesbian Social Services,"1053-8720,1540-4056",True,True,True,True,True,"1999,2008",Group Work Practice with Transgendered Male to Female Sex Workers
98725,10.1300/j041v10n01_03,J041,2000,Journal of Gay &amp; Lesbian Social Services,"1053-8720,1540-4056",True,True,True,True,True,"1999,2008",Policy alternatives for a diverse community: Lesbians and family law
98726,10.1300/j041v10n03_08,J041,2000,Journal of Gay &amp; Lesbian Social Services,"1053-8720,1540-4056",True,True,True,True,True,"1999,2008",Practice with Transgendered Youth and Their Families
98727,10.1300/j041v10n03_01,J041,2000,Journal of Gay &amp; Lesbian Social Services,"1053-8720,1540-4056",True,True,True,True,True,"1999,2008",Knowledge for Practice with Transgendered Persons
98728,10.1300/j041v09n01_05,J041,1999,Journal of Gay &amp; Lesbian Social Services,"1053-8720,1540-4056",True,True,True,True,True,1999,Taking research findings beyond the journals
98729,10.1300/j041v09n01_02,J041,1999,Journal of Gay &amp; Lesbian Social Services,"1053-8720,1540-4056",True,True,True,True,True,1999,The needs of older lesbians and gay men in Chicago
98730,10.1300/j041v09n01_06,J041,1999,Journal of Gay &amp; Lesbian Social Services,"1053-8720,1540-4056",True,True,True,True,True,1999,Organizing in the lesbian community to confront lesbian battering
98731,10.1300/j041v09n01_04,J041,1999,Journal of Gay &amp; Lesbian Social Services,"1053-8720,1540-4056",True,True,True,True,True,1999,Domestic violence among same sex partners in Puerto Rico: Implications for HIV intervention
98732,10.1300/j041v09n01_03,J041,1999,Journal of Gay &amp; Lesbian Social Services,"1053-8720,1540-4056",True,True,True,True,True,1999,"A comparative study of relational interconnectedness, merger, and ego development in lesbian, gay male, and heterosexual couples"
98733,10.1300/j041v09n01_01,J041,1999,Journal of Gay &amp; Lesbian Social Services,"1053-8720,1540-4056",True,True,True,True,True,1999,"The social support needs of older lesbians, gay men, and bisexuals"
98734,10.1300/j041v09n02_01,J041,1999,Journal of Gay &amp; Lesbian Social Services,"1053-8720,1540-4056",True,True,True,True,True,1999,A panoply of roles: Sexual and gender diversity in contemporary thailand
98735,10.1300/j041v09n04_04,J041,1999,Journal of Gay &amp; Lesbian Social Services,"1053-8720,1540-4056",True,True,True,True,True,1999,Developing a social constructionist therapy approach for gay men and their families in hong kong
98736,10.1300/j041v09n02_04,J041,1999,Journal of Gay &amp; Lesbian Social Services,"1053-8720,1540-4056",True,True,True,True,True,1999,Increasingly gay self-representations of male-male sexual experiences in Thailand
98737,10.1300/j041v09n04_01,J041,1999,Journal of Gay &amp; Lesbian Social Services,"1053-8720,1540-4056",True,True,True,True,True,1999,Social workers’ and counselors’ understanding of lesbian needs
98738,10.1300/j041v09n02_07,J041,1999,Journal of Gay &amp; Lesbian Social Services,"1053-8720,1540-4056",True,True,True,True,True,1999,Rehearsing Gender and Sexuality in Modern Thailand: Masculinity and Male-Male Sex Behaviours
98739,10.1300/j041v09n02_03,J041,1999,Journal of Gay &amp; Lesbian Social Services,"1053-8720,1540-4056",True,True,True,True,True,1999,HIV/AIDS Projects with and for Gay Men in Northern Thailand
98740,10.1300/j041v09n02_05,J041,1999,Journal of Gay &amp; Lesbian Social Services,"1053-8720,1540-4056",True,True,True,True,True,1999,Masculinity and Tom Identity in Thailand
98741,10.1300/j041v09n04_03,J041,1999,Journal of Gay &amp; Lesbian Social Services,"1053-8720,1540-4056",True,True,True,True,True,1999,Attitudes and behaviors of social work students toward lesbian and gay male clients: Can panel presentations make a difference?
98742,10.1300/j041v09n02_06,J041,1999,Journal of Gay &amp; Lesbian Social Services,"1053-8720,1540-4056",True,True,True,True,True,1999,Transformations of Transgender: The case of the thai kathoey
98743,10.1300/j041v09n04_02,J041,1999,Journal of Gay &amp; Lesbian Social Services,"1053-8720,1540-4056",True,True,True,True,True,"1999,2008",Health and well-being for late middle-aged and old lesbians in a rural area
98744,10.1300/j041v09n04_05,J041,1999,Journal of Gay &amp; Lesbian Social Services,"1053-8720,1540-4056",True,True,True,True,True,1999,"The youth and aids projects: School and community outreach for gay, lesbian, bisexual, and transgender youth"
98745,10.1300/j041v09n04_06,J041,1999,Journal of Gay &amp; Lesbian Social Services,"1053-8720,1540-4056",True,True,True,True,True,1999,Reparative therapy for gays and lesbians
98746,10.1300/j041v09n02_08,J041,1999,Journal of Gay &amp; Lesbian Social Services,"1053-8720,1540-4056",True,True,True,True,True,1999,"The Friends Thou Hast: Support Systems for Male Commercial Sex Workers in Pattaya, Thailand"
98747,10.1300/j041v09n02_02,J041,1999,Journal of Gay &amp; Lesbian Social Services,"1053-8720,1540-4056",True,True,True,True,True,1999,Same-sex sexual experience in Thailand
98748,10.1300/j041v09n02_09,J041,1999,Journal of Gay &amp; Lesbian Social Services,"1053-8720,1540-4056",True,True,True,True,True,1999,"Between Money, Morality and Masculinity: Bar-Based Male Sex Work in Chiang Mai"
98749,10.1300/j041v08n04_04,J041,1998,Journal of Gay &amp; Lesbian Social Services,"1053-8720,1540-4056",True,True,True,True,True,1998,"Lesbian therapists and lesbian clients: Therapeutic and practical considerations, with implications for private practice"
98750,10.1300/j041v08n04_07,J041,1998,Journal of Gay &amp; Lesbian Social Services,"1053-8720,1540-4056",True,True,True,True,True,1998,Treatment planning for gay and lesbian clients
98751,10.1300/j041v08n04_01,J041,1998,Journal of Gay &amp; Lesbian Social Services,"1053-8720,1540-4056",True,True,True,True,True,1998,Introduction
98752,10.1300/j041v08n04_06,J041,1998,Journal of Gay &amp; Lesbian Social Services,"1053-8720,1540-4056",True,True,True,True,True,1998,Boundary issues in gay and lesbian psychotherapy relationships
98753,10.1300/j041v08n04_05,J041,1998,Journal of Gay &amp; Lesbian Social Services,"1053-8720,1540-4056",True,True,True,True,True,1998,Clinical and practical considerations in private practice with lesbians and gay men of color
98754,10.1300/j041v08n04_03,J041,1998,Journal of Gay &amp; Lesbian Social Services,"1053-8720,1540-4056",True,True,True,True,True,1998,The business of private practice: Marketing strategies for gay and lesbian therapists
98755,10.1300/j041v08n04_02,J041,1998,Journal of Gay &amp; Lesbian Social Services,"1053-8720,1540-4056",True,True,True,True,True,1998,Staying current with gay and lesbian research and practice knowledge
98756,10.1300/j041v07n03_07,J041,1998,Journal of Gay &amp; Lesbian Social Services,"1053-8720,1540-4056",True,True,True,True,True,"1997,2008",The impact of electronic networking on the lesbian and gay community
98757,10.1300/j041v08n02_01,J041,1998,Journal of Gay &amp; Lesbian Social Services,"1053-8720,1540-4056",True,True,True,True,True,1998,Sexual identities and complementarity in lesbian and gay male relationships
98758,10.1300/j041v08n03_02,J041,1998,Journal of Gay &amp; Lesbian Social Services,"1053-8720,1540-4056",True,True,True,True,True,1998,"Conceptualizing violence against gay, lesbian, bisexual, intersexual, and transgendered people"
98759,10.1300/j041v07n03_05,J041,1998,Journal of Gay &amp; Lesbian Social Services,"1053-8720,1540-4056",True,True,True,True,True,"1997,2008",Social conflict among “gay” men in a small(er) southern town
98761,10.1300/j041v08n02_05,J041,1998,Journal of Gay &amp; Lesbian Social Services,"1053-8720,1540-4056",True,True,True,True,True,1998,Studying the experiences of gay and lesbian youth
98762,10.1300/j041v08n03_04,J041,1998,Journal of Gay &amp; Lesbian Social Services,"1053-8720,1540-4056",True,True,True,True,True,1998,Violence and lesbian and gay youth
98763,10.1300/j041v07n04_04,J041,1998,Journal of Gay &amp; Lesbian Social Services,"1053-8720,1540-4056",True,True,True,True,True,"1997,2008","Learning lessons from school: Homophobia, heterosexism, and the construction of failure"
98764,10.1300/j041v08n01_04,J041,1998,Journal of Gay &amp; Lesbian Social Services,"1053-8720,1540-4056",True,True,True,True,True,1998,When seronegative gay male therapists work with seronegative gay male clients: Countertransference is sues in time-limited group psychotherapy
98765,10.1300/j041v07n04_06,J041,1998,Journal of Gay &amp; Lesbian Social Services,"1053-8720,1540-4056",True,True,True,True,True,"1997,2008",Coming out in a school setting: Former students’ experiences and opinions about disclosure
98766,10.1300/j041v08n03_09,J041,1998,Journal of Gay &amp; Lesbian Social Services,"1053-8720,1540-4056",True,True,True,True,True,1998,Homosexuality and Latinos/as: Towards an integration of identities
98767,10.1300/j041v07n03_01,J041,1998,Journal of Gay &amp; Lesbian Social Services,"1053-8720,1540-4056",True,True,True,True,True,"1997,2008",Lesbians and gay men in the country: Practice implications for rural social workers
98768,10.1300/j041v07n04_03,J041,1998,Journal of Gay &amp; Lesbian Social Services,"1053-8720,1540-4056",True,True,True,True,True,"1997,2008",Learning to be invisible: Female sexual minority students in america’s public high schools
98769,10.1300/j041v07n04_07,J041,1998,Journal of Gay &amp; Lesbian Social Services,"1053-8720,1540-4056",True,True,True,True,True,"1997,2008",The sound of silence: Public school response to the needs of gay and lesbian youth
98771,10.1300/j041v08n03_06,J041,1998,Journal of Gay &amp; Lesbian Social Services,"1053-8720,1540-4056",True,True,True,True,True,1998,Wedded to the status quo: Same-Sex marriage after Baehv v. Lewin
98772,10.1300/j041v07n04_01,J041,1998,Journal of Gay &amp; Lesbian Social Services,"1053-8720,1540-4056",True,True,True,True,True,"1997,2008","Career development of lesbian and gay youth: Effects of sexual orientation, coming out, and homophobia"
98773,10.1300/j041v07n03_06,J041,1998,Journal of Gay &amp; Lesbian Social Services,"1053-8720,1540-4056",True,True,True,True,True,"1997,2008",Rural lesbian mothers and their families
98775,10.1300/j041v07n03_10,J041,1998,Journal of Gay &amp; Lesbian Social Services,"1053-8720,1540-4056",True,True,True,True,True,"1997,2008",Somehow i know there is another one like me
98776,10.1300/j041v08n03_03,J041,1998,Journal of Gay &amp; Lesbian Social Services,"1053-8720,1540-4056",True,True,True,True,True,1998,Hate crimes motivated by sexual orientation: Police reporting and training
98777,10.1300/j041v08n01_05,J041,1998,Journal of Gay &amp; Lesbian Social Services,"1053-8720,1540-4056",True,True,True,True,True,1998,The challenge of staying HIV-negative for latin american immigrants
98778,10.1300/j041v08n01_01,J041,1998,Journal of Gay &amp; Lesbian Social Services,"1053-8720,1540-4056",True,True,True,True,True,1998,Coming out in the AIDS era: One HIV-negative gay man’s story
98779,10.1300/j041v07n03_08,J041,1998,Journal of Gay &amp; Lesbian Social Services,"1053-8720,1540-4056",True,True,True,True,True,"1997,2008",Portraits of social services programs for rural sexual minorities
98780,10.1300/j041v07n04_02,J041,1998,Journal of Gay &amp; Lesbian Social Services,"1053-8720,1540-4056",True,True,True,True,True,"1997,2008","I will survive: Lesbian, gay, and bisexual youths’ experience of high school"
98781,10.1300/j041v08n03_07,J041,1998,Journal of Gay &amp; Lesbian Social Services,"1053-8720,1540-4056",True,True,True,True,True,1998,"Working against discrimination: Gay, lesbian and bisexual people on the job"
98782,10.1300/j041v07n03_03,J041,1998,Journal of Gay &amp; Lesbian Social Services,"1053-8720,1540-4056",True,True,True,True,True,"1997,2008","Rural lesbians and gays: Public perceptions, worker perceptions, and service delivery"
98783,10.1300/j041v07n03_04,J041,1998,Journal of Gay &amp; Lesbian Social Services,"1053-8720,1540-4056",True,True,True,True,True,"1997,2008",Rural HIV/AIDS social services for gays and lesbians
98784,10.1300/j041v08n02_04,J041,1998,Journal of Gay &amp; Lesbian Social Services,"1053-8720,1540-4056",True,True,True,True,True,1998,Negative consequences: Issues for HIV-Negative Gay/Bisexual men
98785,10.1300/j041v08n01_07,J041,1998,Journal of Gay &amp; Lesbian Social Services,"1053-8720,1540-4056",True,True,True,True,True,1998,New drugs and HIV risk taking: Observations of therapists who work with HIV-negative gay Men
98786,10.1300/j041v07n03_02,J041,1998,Journal of Gay &amp; Lesbian Social Services,"1053-8720,1540-4056",True,True,True,True,True,"1997,2008",Working with larger systems: Rural lesbians and gays
98787,10.1300/j041v08n03_08,J041,1998,Journal of Gay &amp; Lesbian Social Services,"1053-8720,1540-4056",True,True,True,True,True,1998,"Mujer, latina, lesbiana-notes on the multidimensionality of economic and sociopolitical injustice"
98788,10.1300/j041v08n01_03,J041,1998,Journal of Gay &amp; Lesbian Social Services,"1053-8720,1540-4056",True,True,True,True,True,1998,A time limited group model for hiv-negative gay men
98789,10.1300/j041v08n01_06,J041,1998,Journal of Gay &amp; Lesbian Social Services,"1053-8720,1540-4056",True,True,True,True,True,1998,Discursive condoms in the age of AIDS: Queer(y)ing HIV prevention
98790,10.1300/j041v08n02_02,J041,1998,Journal of Gay &amp; Lesbian Social Services,"1053-8720,1540-4056",True,True,True,True,True,1998,Experiences of gay and lesbian teachers and parents with coming out in a school setting
98791,10.1300/j041v08n01_02,J041,1998,Journal of Gay &amp; Lesbian Social Services,"1053-8720,1540-4056",True,True,True,True,True,1998,An AIDS educator’s seroconversion: Education is not enough
98792,10.1300/j041v07n04_05,J041,1998,Journal of Gay &amp; Lesbian Social Services,"1053-8720,1540-4056",True,True,True,True,True,"1997,2008",Beyond high school: Heterosexuals’ self-reported anti-gay/lesbian behaviors and attitudes
98793,10.1300/j041v08n03_05,J041,1998,Journal of Gay &amp; Lesbian Social Services,"1053-8720,1540-4056",True,True,True,True,True,1998,Prevalence of suicide attempts and suicidal ideation among lesbian and gay youth
98794,10.1300/j041v08n02_03,J041,1998,Journal of Gay &amp; Lesbian Social Services,"1053-8720,1540-4056",True,True,True,True,True,1998,Social supports among vietnamese american gay men
98795,10.1300/j041v06n02_03,J041,1997,Journal of Gay &amp; Lesbian Social Services,"1053-8720,1540-4056",True,True,True,True,True,1997,Gender selection in two American Indian tribes
98796,10.1300/j041v06n02_08,J041,1997,Journal of Gay &amp; Lesbian Social Services,"1053-8720,1540-4056",True,True,True,True,True,1997,AIDS prevention in a rural American Indian population: A collaborative effort between community and providers
98797,10.1300/j041v06n02_06,J041,1997,Journal of Gay &amp; Lesbian Social Services,"1053-8720,1540-4056",True,True,True,True,True,1997,That's what they say: The implications of American Indian gay and lesbian literature for social service workers
98798,10.1300/j041v06n02_01,J041,1997,Journal of Gay &amp; Lesbian Social Services,"1053-8720,1540-4056",True,True,True,True,True,1997,Introduction
98799,10.1300/j041v06n02_05,J041,1997,Journal of Gay &amp; Lesbian Social Services,"1053-8720,1540-4056",True,True,True,True,True,1997,Urban lesbian and gay American Indian identity: Implications for mental health service delivery
98800,10.1300/j041v06n02_04,J041,1997,Journal of Gay &amp; Lesbian Social Services,"1053-8720,1540-4056",True,True,True,True,True,1997,American Indian lesbians and gays: An exploratory study
98801,10.1300/j041v06n02_07,J041,1997,Journal of Gay &amp; Lesbian Social Services,"1053-8720,1540-4056",True,True,True,True,True,1997,Developing aids services for native Americans: Rural and urban contrasts
98802,10.1300/j041v06n02_02,J041,1997,Journal of Gay &amp; Lesbian Social Services,"1053-8720,1540-4056",True,True,True,True,True,1997,"Women and men, not-men and not-women, lesbians and gays: American Indian gender style alternatives"
98803,10.1300/j041v06n03_05,J041,1997,Journal of Gay &amp; Lesbian Social Services,"1053-8720,1540-4056",True,True,True,True,True,1997,Collaboration between youth and adults in a support group for gay and lesbian youth
98804,10.1300/j041v07n02_05,J041,1997,Journal of Gay &amp; Lesbian Social Services,"1053-8720,1540-4056",True,True,True,True,True,1997,Excerpts from a diary
98805,10.1300/j041v06n03_01,J041,1997,Journal of Gay &amp; Lesbian Social Services,"1053-8720,1540-4056",True,True,True,True,True,1997,Gay male aging: A review of the literature
98806,10.1300/j041v07n02_13,J041,1997,Journal of Gay &amp; Lesbian Social Services,"1053-8720,1540-4056",True,True,True,True,True,1997,Conclusion: Mental health considerations of gay widowers
98807,10.1300/j041v07n01_02,J041,1997,Journal of Gay &amp; Lesbian Social Services,"1053-8720,1540-4056",True,True,True,True,True,"1997,2008",A genogrid for couples
98809,10.1300/j041v07n01_06,J041,1997,Journal of Gay &amp; Lesbian Social Services,"1053-8720,1540-4056",True,True,True,True,True,"1997,2008",Gay and lesbian parenting: A unique opportunity for sexual minority research
98810,10.1300/j041v06n04_03,J041,1997,Journal of Gay &amp; Lesbian Social Services,"1053-8720,1540-4056",True,True,True,True,True,1997,Being a gay or lesbian professional in a psychiatric hospital for adolescents
98811,10.1300/j041v06n03_02,J041,1997,Journal of Gay &amp; Lesbian Social Services,"1053-8720,1540-4056",True,True,True,True,True,1997,Successful aging in the middle-aged gay man: A contribution to developmental theory
98812,10.1300/j041v06n04_08,J041,1997,Journal of Gay &amp; Lesbian Social Services,"1053-8720,1540-4056",True,True,True,True,True,1997,A conversation with Malcolm Boyd and Mark Thompson
98813,10.1300/j041v06n04_01,J041,1997,Journal of Gay &amp; Lesbian Social Services,"1053-8720,1540-4056",True,True,True,True,True,1997,Lesbian and gay professionals in the closet: Do they serve or only hide?
98814,10.1300/j041v06n04_02,J041,1997,Journal of Gay &amp; Lesbian Social Services,"1053-8720,1540-4056",True,True,True,True,True,1997,Coming out issues of gay and lesbian mental health professionals in voluntary and involuntary settings
98815,10.1300/j041v06n01_06,J041,1997,Journal of Gay &amp; Lesbian Social Services,"1053-8720,1540-4056",True,True,True,True,True,"1997,2008",Realities and hopes for older gay males
98816,10.1300/j041v07n02_04,J041,1997,Journal of Gay &amp; Lesbian Social Services,"1053-8720,1540-4056",True,True,True,True,True,1997,Postcard from grief
98817,10.1300/j041v07n02_10,J041,1997,Journal of Gay &amp; Lesbian Social Services,"1053-8720,1540-4056",True,True,True,True,True,1997,Trading places: A hillside chat with don bachardy
98818,10.1300/j041v06n04_04,J041,1997,Journal of Gay &amp; Lesbian Social Services,"1053-8720,1540-4056",True,True,True,True,True,1997,A catholic perspective on gay priestly ministry from the closet
98819,10.1300/j041v07n02_07,J041,1997,Journal of Gay &amp; Lesbian Social Services,"1053-8720,1540-4056",True,True,True,True,True,1997,Tracing time
98820,10.1300/j041v07n02_11,J041,1997,Journal of Gay &amp; Lesbian Social Services,"1053-8720,1540-4056",True,True,True,True,True,1997,Going it alone
98821,10.1300/j041v07n02_03,J041,1997,Journal of Gay &amp; Lesbian Social Services,"1053-8720,1540-4056",True,True,True,True,True,1997,Do you have a partner?
98822,10.1300/j041v07n02_12,J041,1997,Journal of Gay &amp; Lesbian Social Services,"1053-8720,1540-4056",True,True,True,True,True,1997,I’m not done yet
98823,10.1300/j041v06n03_04,J041,1997,Journal of Gay &amp; Lesbian Social Services,"1053-8720,1540-4056",True,True,True,True,True,1997,"Why lesbians choose therapy: Presenting problems, attitudes, and political concerns"
98824,10.1300/j041v06n03_03,J041,1997,Journal of Gay &amp; Lesbian Social Services,"1053-8720,1540-4056",True,True,True,True,True,1997,"Growing up with a “spoiled identity”: Lesbian, gay and bisexual youth at risk"
98825,10.1300/j041v07n02_09,J041,1997,Journal of Gay &amp; Lesbian Social Services,"1053-8720,1540-4056",True,True,True,True,True,1997,A dream is more than a wish your heart makes
98826,10.1300/j041v06n01_02,J041,1997,Journal of Gay &amp; Lesbian Social Services,"1053-8720,1540-4056",True,True,True,True,True,"1997,2008",The wisdom of non-heterosexually based senior housing and related services
98827,10.1300/j041v06n01_03,J041,1997,Journal of Gay &amp; Lesbian Social Services,"1053-8720,1540-4056",True,True,True,True,True,"1997,2008",Playing BINGO with the Best of Them
98828,10.1300/j041v06n04_05,J041,1997,Journal of Gay &amp; Lesbian Social Services,"1053-8720,1540-4056",True,True,True,True,True,1997,Personal reflections on closeted helping professionals
98829,10.1300/j041v06n01_07,J041,1997,Journal of Gay &amp; Lesbian Social Services,"1053-8720,1540-4056",True,True,True,True,True,"1997,2008",The story of carrie and anne: Long-term care crisis
98830,10.1300/j041v06n01_04,J041,1997,Journal of Gay &amp; Lesbian Social Services,"1053-8720,1540-4056",True,True,True,True,True,"1997,2008",Staff development for working with lesbian and gay elders
98831,10.1300/j041v07n01_03,J041,1997,Journal of Gay &amp; Lesbian Social Services,"1053-8720,1540-4056",True,True,True,True,True,"1997,2008",Lesbian mothers: A descriptive study of a distinctive family structure
98832,10.1300/j041v06n03_06,J041,1997,Journal of Gay &amp; Lesbian Social Services,"1053-8720,1540-4056",True,True,True,True,True,1997,One view of the domestic partnership debate
98834,10.1300/j041v06n04_07,J041,1997,Journal of Gay &amp; Lesbian Social Services,"1053-8720,1540-4056",True,True,True,True,True,1997,A client perspective on therapist self-disclosure
98835,10.1300/j041v06n01_01,J041,1997,Journal of Gay &amp; Lesbian Social Services,"1053-8720,1540-4056",True,True,True,True,True,"1997,2008",Gay and lesbian elderly: Historical overview and implications for social work practice
98836,10.1300/j041v07n01_05,J041,1997,Journal of Gay &amp; Lesbian Social Services,"1053-8720,1540-4056",True,True,True,True,True,"1997,2008",Gay men with AIDS in rural america
98837,10.1300/j041v07n02_08,J041,1997,Journal of Gay &amp; Lesbian Social Services,"1053-8720,1540-4056",True,True,True,True,True,1997,The merry widower
98838,10.1300/j041v07n01_07,J041,1997,Journal of Gay &amp; Lesbian Social Services,"1053-8720,1540-4056",True,True,True,True,True,"1997,2008",Responding to Non-HIV invisible chronic illness within the gay male community
98839,10.1300/j041v06n01_05,J041,1997,Journal of Gay &amp; Lesbian Social Services,"1053-8720,1540-4056",True,True,True,True,True,"1997,2008",Maturing gay men: A framework for social service assessment and intervention
98840,10.1300/j041v07n01_04,J041,1997,Journal of Gay &amp; Lesbian Social Services,"1053-8720,1540-4056",True,True,True,True,True,"1997,2008",Les ms: Creating an education and support group for lesbians
98841,10.1300/j041v06n04_06,J041,1997,Journal of Gay &amp; Lesbian Social Services,"1053-8720,1540-4056",True,True,True,True,True,1997,Reflections on closeted helping professionals: Another view
98842,10.1300/j041v07n01_01,J041,1997,Journal of Gay &amp; Lesbian Social Services,"1053-8720,1540-4056",True,True,True,True,True,"1997,2008",Factors contributing to the termination of long-term gay male relationships
98843,10.1300/j041v07n02_02,J041,1997,Journal of Gay &amp; Lesbian Social Services,"1053-8720,1540-4056",True,True,True,True,True,1997,Surviving a partner’s death deeply in the closet
98844,10.1300/j041v06n01_08,J041,1997,Journal of Gay &amp; Lesbian Social Services,"1053-8720,1540-4056",True,True,True,True,True,"1997,2008",Jim: Coming out at age sixty-two
98845,10.1300/j041v06n01_09,J041,1997,Journal of Gay &amp; Lesbian Social Services,"1053-8720,1540-4056",True,True,True,True,True,"1997,2008",Yvonne and helen: Finding a way to trust
98846,10.1300/j041v03n04_07,J041,1996,Journal of Gay &amp; Lesbian Social Services,"1053-8720,1540-4056",True,True,True,True,True,"1995,2008",Reflections on living with aids
98847,10.1300/j041v04n04_05,J041,1996,Journal of Gay &amp; Lesbian Social Services,"1053-8720,1540-4056",True,True,True,True,True,1996,"The impact of gay, lesbian, and bisexual workplace issues on productivity"
98848,10.1300/j041v04n01_06,J041,1996,Journal of Gay &amp; Lesbian Social Services,"1053-8720,1540-4056",True,True,True,True,True,"1996,2008",Serving gays and lesbians of color who are survivors of domestic violence
98849,10.1300/j041v04n01_09,J041,1996,Journal of Gay &amp; Lesbian Social Services,"1053-8720,1540-4056",True,True,True,True,True,"1996,2008",Intervention in gay male intimate violence requires coordinated efforts on multiple levels
98850,10.1300/j041v04n02_04,J041,1996,Journal of Gay &amp; Lesbian Social Services,"1053-8720,1540-4056",True,True,True,True,True,1996,Gay men choosing to be fathers
98851,10.1300/j041v04n02_06,J041,1996,Journal of Gay &amp; Lesbian Social Services,"1053-8720,1540-4056",True,True,True,True,True,1996,Spirituality and the gay latino client
98852,10.1300/j041v03n04_02,J041,1996,Journal of Gay &amp; Lesbian Social Services,"1053-8720,1540-4056",True,True,True,True,True,"1995,2008",Drawing lines in the dirt: Rural lesbian communities-models of self-definition and self-determination
98853,10.1300/j041v04n04_06,J041,1996,Journal of Gay &amp; Lesbian Social Services,"1053-8720,1540-4056",True,True,True,True,True,1996,Gay and lesbian career counseling: Special career counseling issues
98854,10.1300/j041v03n04_03,J041,1996,Journal of Gay &amp; Lesbian Social Services,"1053-8720,1540-4056",True,True,True,True,True,"1995,2008",Attitudes towards gays and lesbians serving in the military
98855,10.1300/j041v04n01_10,J041,1996,Journal of Gay &amp; Lesbian Social Services,"1053-8720,1540-4056",True,True,True,True,True,"1996,2008",Couple assessment: Identifying and intervening in domestic violence in lesbian relationships
98856,10.1300/j041v05n02_06,J041,1996,Journal of Gay &amp; Lesbian Social Services,"1053-8720,1540-4056",True,True,True,True,True,1996,A korean gay man in the United States: Toward a cultural context for social service practices
98857,10.1300/j041v04n02_09,J041,1996,Journal of Gay &amp; Lesbian Social Services,"1053-8720,1540-4056",True,True,True,True,True,1996,Chemical dependency and depression in lesbians and gay men: What helps?
98858,10.1300/j041v04n02_02,J041,1996,Journal of Gay &amp; Lesbian Social Services,"1053-8720,1540-4056",True,True,True,True,True,1996,Opening doors: Responding to the mental health needs of gay and bisexual college students
98859,10.1300/j041v04n04_04,J041,1996,Journal of Gay &amp; Lesbian Social Services,"1053-8720,1540-4056",True,True,True,True,True,1996,Domestic partner benefits: A bottom line discussion
98860,10.1300/j041v04n02_01,J041,1996,Journal of Gay &amp; Lesbian Social Services,"1053-8720,1540-4056",True,True,True,True,True,1996,Introduction
98861,10.1300/j041v04n04_01,J041,1996,Journal of Gay &amp; Lesbian Social Services,"1053-8720,1540-4056",True,True,True,True,True,1996,Sexual identity issues in the workplace: Past and present
98862,10.1300/j041v05n02_05,J041,1996,Journal of Gay &amp; Lesbian Social Services,"1053-8720,1540-4056",True,True,True,True,True,1996,Understanding filipino male homosexuality: Implications for social services
98863,10.1300/j041v04n02_03,J041,1996,Journal of Gay &amp; Lesbian Social Services,"1053-8720,1540-4056",True,True,True,True,True,1996,HIV-negative gay men: Individual and community social service needs
98864,10.1300/j041v03n04_05,J041,1996,Journal of Gay &amp; Lesbian Social Services,"1053-8720,1540-4056",True,True,True,True,True,"1995,2008",Gay and lesbian youth: A community mental health response
98865,10.1300/j041v05n02_07,J041,1996,Journal of Gay &amp; Lesbian Social Services,"1053-8720,1540-4056",True,True,True,True,True,1996,An applied research agenda for homosexually active men of color
98866,10.1300/j041v04n02_05,J041,1996,Journal of Gay &amp; Lesbian Social Services,"1053-8720,1540-4056",True,True,True,True,True,1996,A primer on lesbian and gay families
98867,10.1300/j041v05n02_04,J041,1996,Journal of Gay &amp; Lesbian Social Services,"1053-8720,1540-4056",True,True,True,True,True,1996,Homosexually active latino men: Issues for social work practice
98868,10.1300/j041v04n01_07,J041,1996,Journal of Gay &amp; Lesbian Social Services,"1053-8720,1540-4056",True,True,True,True,True,"1996,2008",The poverty of services for battered lesbians
98869,10.1300/j041v03n04_06,J041,1996,Journal of Gay &amp; Lesbian Social Services,"1053-8720,1540-4056",True,True,True,True,True,"1995,2008",The silent killer: AIDS and the muslim world
98870,10.1300/j041v04n01_01,J041,1996,Journal of Gay &amp; Lesbian Social Services,"1053-8720,1540-4056",True,True,True,True,True,"1996,2008",Shattering illusions: Same-sex domestic violence
98871,10.1300/j041v04n01_04,J041,1996,Journal of Gay &amp; Lesbian Social Services,"1053-8720,1540-4056",True,True,True,True,True,"1996,2008",A survey of factors contributing to gay and lesbian domestic violence
98872,10.1300/j041v05n02_01,J041,1996,Journal of Gay &amp; Lesbian Social Services,"1053-8720,1540-4056",True,True,True,True,True,1996,"Sexual identity, social support and social networks among African-, Latino-, and European-American men in an HIV prevention program"
98873,10.1300/j041v04n02_07,J041,1996,Journal of Gay &amp; Lesbian Social Services,"1053-8720,1540-4056",True,True,True,True,True,1996,A systems approach to AIDS counseling for gay couples
98874,10.1300/j041v04n01_08,J041,1996,Journal of Gay &amp; Lesbian Social Services,"1053-8720,1540-4056",True,True,True,True,True,"1996,2008",Twin epidemics: Domestic violence and hiv infection among gay and bisexual men
98875,10.1300/j041v04n01_11,J041,1996,Journal of Gay &amp; Lesbian Social Services,"1053-8720,1540-4056",True,True,True,True,True,"1996,2008",Clinical models for the treatment of gay male perpetrators of domestic violence
98876,10.1300/j041v04n04_02,J041,1996,Journal of Gay &amp; Lesbian Social Services,"1053-8720,1540-4056",True,True,True,True,True,1996,Multicultural existence in the workplace: Inluding how i thrive as a latina lesbian feminist
98877,10.1300/j041v03n04_01,J041,1996,Journal of Gay &amp; Lesbian Social Services,"1053-8720,1540-4056",True,True,True,True,True,"1995,2008",Gay and Lesbian Faculty in Social Work: Roles and Responsibilities
98878,10.1300/j041v04n01_03,J041,1996,Journal of Gay &amp; Lesbian Social Services,"1053-8720,1540-4056",True,True,True,True,True,"1996,2008",Definition of roles in abusive lesbian relationships
98879,10.1300/j041v03n04_04,J041,1996,Journal of Gay &amp; Lesbian Social Services,"1053-8720,1540-4056",True,True,True,True,True,"1995,2008",Ethical dilemmas of working with individuals who have hiv disease
98880,10.1300/j041v04n01_02,J041,1996,Journal of Gay &amp; Lesbian Social Services,"1053-8720,1540-4056",True,True,True,True,True,"1996,2008",Ruling the exceptions: Same-sex battering and domestic violence theory
98881,10.1300/j041v04n02_08,J041,1996,Journal of Gay &amp; Lesbian Social Services,"1053-8720,1540-4056",True,True,True,True,True,1996,The Violence We Face as Lesbians and Gay Men: The landscape both outside and inside our communities
98882,10.1300/j041v04n01_05,J041,1996,Journal of Gay &amp; Lesbian Social Services,"1053-8720,1540-4056",True,True,True,True,True,"1996,2008",Lesbians of color and the domestic violence movement
98883,10.1300/j041v05n02_03,J041,1996,Journal of Gay &amp; Lesbian Social Services,"1053-8720,1540-4056",True,True,True,True,True,1996,Native american two-spirit men
98884,10.1300/j041v04n04_03,J041,1996,Journal of Gay &amp; Lesbian Social Services,"1053-8720,1540-4056",True,True,True,True,True,1996,Employment and sexual orientation: Disclosure and discrimination in the workplace
98885,10.1300/j041v05n02_02,J041,1996,Journal of Gay &amp; Lesbian Social Services,"1053-8720,1540-4056",True,True,True,True,True,1996,Assessing the psychosocial well-being of african american gays: A multidimensional perspective
98886,10.1300/j041v03n02_08,J041,1995,Journal of Gay &amp; Lesbian Social Services,"1053-8720,1540-4056",True,True,True,True,True,1995,Being pro-gay and pro-lesbian in straight institutions
98887,10.1300/j041v03n03_03,J041,1995,Journal of Gay &amp; Lesbian Social Services,"1053-8720,1540-4056",True,True,True,True,True,1995,"Tita aida and emerging communities of gay men: Two case studies from metro manila, the philippines"
98888,10.1300/j041v03n02_05,J041,1995,Journal of Gay &amp; Lesbian Social Services,"1053-8720,1540-4056",True,True,True,True,True,1995,"A few thoughts from a korean, adopted, lesbian, writer/poet, and social worker"
98889,10.1300/j041v03n03_01,J041,1995,Journal of Gay &amp; Lesbian Social Services,"1053-8720,1540-4056",True,True,True,True,True,1995,Introduction
98890,10.1300/j041v03n03_02,J041,1995,Journal of Gay &amp; Lesbian Social Services,"1053-8720,1540-4056",True,True,True,True,True,1995,Walking the tightrope: The role of action for aids in the provision of social services in singapore
98891,10.1300/j041v03n02_07,J041,1995,Journal of Gay &amp; Lesbian Social Services,"1053-8720,1540-4056",True,True,True,True,True,1995,Lesbian latinas: Organizational efforts to end oppression
98892,10.1300/j041v03n02_03,J041,1995,Journal of Gay &amp; Lesbian Social Services,"1053-8720,1540-4056",True,True,True,True,True,1995,The norms of conduct in social service agencies: A threat to the mental health of puerto rican lesbians
98893,10.1300/j041v03n02_02,J041,1995,Journal of Gay &amp; Lesbian Social Services,"1053-8720,1540-4056",True,True,True,True,True,1995,For the white social worker who wants to know how to work with lesbians of color
98894,10.1300/j041v03n02_04,J041,1995,Journal of Gay &amp; Lesbian Social Services,"1053-8720,1540-4056",True,True,True,True,True,1995,Whose daughter are you? exploring identity issues of lesbians who are adopted
98895,10.1300/j041v03n03_05,J041,1995,Journal of Gay &amp; Lesbian Social Services,"1053-8720,1540-4056",True,True,True,True,True,1995,Japanese gay magazines and marriage advertisements
98896,10.1300/j041v03n03_04,J041,1995,Journal of Gay &amp; Lesbian Social Services,"1053-8720,1540-4056",True,True,True,True,True,1995,"Health strategies of hiv-infected, homosexually active men in Sydney, Australia"
98897,10.1300/j041v03n02_01,J041,1995,Journal of Gay &amp; Lesbian Social Services,"1053-8720,1540-4056",True,True,True,True,True,1995,Introduction: Lesbians of color-a kaleidoscope
98898,10.1300/j041v03n02_06,J041,1995,Journal of Gay &amp; Lesbian Social Services,"1053-8720,1540-4056",True,True,True,True,True,1995,The social service needs of lesbians of color
98899,10.1300/j041v03n03_07,J041,1995,Journal of Gay &amp; Lesbian Social Services,"1053-8720,1540-4056",True,True,True,True,True,1995,Lesbians leaping out of the intergenerational contract: Issues of aging in Australia
98900,10.1300/j041v03n03_06,J041,1995,Journal of Gay &amp; Lesbian Social Services,"1053-8720,1540-4056",True,True,True,True,True,1995,Same sex couples and counselling: The development of a multicultural perspective
98901,10.1300/j041v03n01_06,J041,1995,Journal of Gay &amp; Lesbian Social Services,1053-8720,True,True,True,True,True,1995,Fusion and conflict resolution in lesbian relationships
98902,10.1300/j041v03n01_05,J041,1995,Journal of Gay &amp; Lesbian Social Services,1053-8720,True,True,True,True,True,1995,Research in lesbian communities: Ethical dilemmas
98903,10.1300/j041v03n01_04,J041,1995,Journal of Gay &amp; Lesbian Social Services,1053-8720,True,True,True,True,True,1995,Methodological issues in research on older lesbians
98904,10.1300/j041v03n01_01,J041,1995,Journal of Gay &amp; Lesbian Social Services,1053-8720,True,True,True,True,True,1995,In sickness and in health: Forty years of research on lesbians
98905,10.1300/j041v03n01_02,J041,1995,Journal of Gay &amp; Lesbian Social Services,1053-8720,True,True,True,True,True,1995,Potential use of single-system designs for evaluating affirmative psychotherapy with lesbian women and gay men
98906,10.1300/j041v03n01_03,J041,1995,Journal of Gay &amp; Lesbian Social Services,1053-8720,True,True,True,True,True,1995,Studying partner abuse in lesbian relationships: A case for the feminist participatory research model
98907,10.1300/j041v02n03_07,J041,1995,Journal of Gay &amp; Lesbian Social Services,"1053-8720,1540-4056",True,True,True,True,True,1995,Chapter 7: Lesbians and gays of color and hiv/aids: A literature review 1988-1993
98908,10.1300/j041v02n03_06,J041,1995,Journal of Gay &amp; Lesbian Social Services,"1053-8720,1540-4056",True,True,True,True,True,1995,Chapter 6: Gay latinos and aids: A framework for hiv/aids prevention curriculum
98909,10.1300/j041v02n03_08,J041,1995,Journal of Gay &amp; Lesbian Social Services,"1053-8720,1540-4056",True,True,True,True,True,1995,Chapter 8: Aids service organziations: Current issues and future challenges
98910,10.1300/j041v02n03_01,J041,1995,Journal of Gay &amp; Lesbian Social Services,"1053-8720,1540-4056",True,True,True,True,True,1995,Chapter 1: Aids and homophobia/heterosexism
98911,10.1300/j041v02n03_04,J041,1995,Journal of Gay &amp; Lesbian Social Services,"1053-8720,1540-4056",True,True,True,True,True,1995,Chapter 4: Lesbians and hiv disease
98912,10.1300/j041v02n03_09,J041,1995,Journal of Gay &amp; Lesbian Social Services,"1053-8720,1540-4056",True,True,True,True,True,1995,Chapter 9: Telephone group counseling in reducing aids risk in gay and bisexual males
98913,10.1300/j041v02n03_02,J041,1995,Journal of Gay &amp; Lesbian Social Services,"1053-8720,1540-4056",True,True,True,True,True,1995,Chapter 2: The ecological context of hiv/aids counseling: Issues for lesbians and gays and their significant others
98914,10.1300/j041v02n03_10,J041,1995,Journal of Gay &amp; Lesbian Social Services,"1053-8720,1540-4056",True,True,True,True,True,1995,Chapter 10: Issues in hiv/aids service delivery to high risk youth
98915,10.1300/j041v02n03_03,J041,1995,Journal of Gay &amp; Lesbian Social Services,"1053-8720,1540-4056",True,True,True,True,True,1995,Chapter 3: Social services and bereavement in the lesbian and gay community
98916,10.1300/j041v02n03_05,J041,1995,Journal of Gay &amp; Lesbian Social Services,"1053-8720,1540-4056",True,True,True,True,True,1995,Chapter 5: African american gay males with hiv/aids: Building upon cultural capacities to survive
98917,10.1300/j041v02n02_03,J041,1995,Journal of Gay &amp; Lesbian Social Services,"1053-8720,1540-4056",True,True,True,True,True,1995,Male couples and their relationship styles
98918,10.1300/j041v02n02_08,J041,1995,Journal of Gay &amp; Lesbian Social Services,"1053-8720,1540-4056",True,True,True,True,True,1995,News and views: Current events and commentary HIV: Death sentence or opportunity?
98919,10.1300/j041v02n02_11,J041,1995,Journal of Gay &amp; Lesbian Social Services,"1053-8720,1540-4056",True,True,True,True,True,1995,Video review
98920,10.1300/j041v02n02_09,J041,1995,Journal of Gay &amp; Lesbian Social Services,"1053-8720,1540-4056",True,True,True,True,True,1995,In defense of gerontology: A response to shevy healey
98921,10.1300/j041v02n02_04,J041,1995,Journal of Gay &amp; Lesbian Social Services,"1053-8720,1540-4056",True,True,True,True,True,1995,Empowering lesbian and gay foster adolescents through mentoring relationships
98922,10.1300/j041v02n02_07,J041,1995,Journal of Gay &amp; Lesbian Social Services,"1053-8720,1540-4056",True,True,True,True,True,1995,Chain of life a newsletter about adoption and child welfare
98923,10.1300/j041v02n02_02,J041,1995,Journal of Gay &amp; Lesbian Social Services,"1053-8720,1540-4056",True,True,True,True,True,1995,HIV risk behavior in gay men with unstable self-esteem
98924,10.1300/j041v02n02_01,J041,1995,Journal of Gay &amp; Lesbian Social Services,"1053-8720,1540-4056",True,True,True,True,True,1995,Snakes in the garden: Dilemmas in country living and mental health practice for lesbian and gay therapists
98925,10.1300/j041v02n02_06,J041,1995,Journal of Gay &amp; Lesbian Social Services,"1053-8720,1540-4056",True,True,True,True,True,1995,"Health care professionals’ experience, knowledge, and attitudes concerning homosexuality"
98926,10.1300/j041v02n02_05,J041,1995,Journal of Gay &amp; Lesbian Social Services,"1053-8720,1540-4056",True,True,True,True,True,1995,Attitudes about lesbians and gay men: A review and implications for social service training
98927,10.1300/j041v02n01_02,J041,1995,Journal of Gay &amp; Lesbian Social Services,"1053-8720,1540-4056",True,True,True,True,True,1995,Alcoholism and drug abuse in gay and lesbian persons: A review of incidence studies
98928,10.1300/j041v02n01_06,J041,1995,Journal of Gay &amp; Lesbian Social Services,"1053-8720,1540-4056",True,True,True,True,True,1995,Spirituality and the gay community
98929,10.1300/j041v02n01_07,J041,1995,Journal of Gay &amp; Lesbian Social Services,"1053-8720,1540-4056",True,True,True,True,True,1995,Special interest groups in alcohol anonymous: A focus on gay men’s groups
98931,10.1300/j041v02n01_05,J041,1995,Journal of Gay &amp; Lesbian Social Services,"1053-8720,1540-4056",True,True,True,True,True,1995,Dysfunctional relationship patterns: positive changes for gay and lesbian people
98932,10.1300/j041v02n01_03,J041,1995,Journal of Gay &amp; Lesbian Social Services,"1053-8720,1540-4056",True,True,True,True,True,1995,Chemical dependency and hiv infection
98933,10.1300/j041v02n01_08,J041,1995,Journal of Gay &amp; Lesbian Social Services,"1053-8720,1540-4056",True,True,True,True,True,1995,The national association of lesbian and gay alcoholism professionals (nalgap): A retrospective
98934,10.1300/j041v02n01_09,J041,1995,Journal of Gay &amp; Lesbian Social Services,"1053-8720,1540-4056",True,True,True,True,True,1995,Referrals and resources for chemically dependent gay and lesbian clients
98935,10.1300/j041v02n01_04,J041,1995,Journal of Gay &amp; Lesbian Social Services,"1053-8720,1540-4056",True,True,True,True,True,1995,Homophobia: the heart of darkness
98936,10.1300/j041v01n03_06,J041,1994,Journal of Gay &amp; Lesbian Social Services,"1053-8720,1540-4056",True,True,True,True,True,1994,Hiv risk in gay and lesbian adolescents
98937,10.1300/j041v01n03_02,J041,1994,Journal of Gay &amp; Lesbian Social Services,"1053-8720,1540-4056",True,True,True,True,True,1994,Gay and lesbian youth: challenging the policy of denial
98938,10.1300/j041v01n03_04,J041,1994,Journal of Gay &amp; Lesbian Social Services,"1053-8720,1540-4056",True,True,True,True,True,1994,Developmental implications of homophobia for lesbian and gay adolescents: Issues in policy and practice
98939,10.1300/j041v01n03_05,J041,1994,Journal of Gay &amp; Lesbian Social Services,"1053-8720,1540-4056",True,True,True,True,True,1994,Service organizations for gay and lesbian youth
98940,10.1300/j041v01n03_01,J041,1994,Journal of Gay &amp; Lesbian Social Services,"1053-8720,1540-4056",True,True,True,True,True,1994,"Gay, lesbian, and bisexual youth"
98941,10.1300/j041v01n03_03,J041,1994,Journal of Gay &amp; Lesbian Social Services,"1053-8720,1540-4056",True,True,True,True,True,1994,Counseling strategies with gay and lesbian youth
98942,10.1300/j041v01n03_07,J041,1994,Journal of Gay &amp; Lesbian Social Services,"1053-8720,1540-4056",True,True,True,True,True,1994,Legal challenges facing lesbian and gay youth
98943,10.1300/j041v01n02_03,J041,1994,Journal of Gay &amp; Lesbian Social Services,"1053-8720,1540-4056",True,True,True,True,True,1994,"Lesbian and gay couples considering parenthood: An agenda for research, service, and advocacy"
98944,10.1300/j041v01n02_05,J041,1994,Journal of Gay &amp; Lesbian Social Services,"1053-8720,1540-4056",True,True,True,True,True,1994,Serodiscordant male couples
98945,10.1300/j041v01n02_04,J041,1994,Journal of Gay &amp; Lesbian Social Services,"1053-8720,1540-4056",True,True,True,True,True,1994,Being a lesbian and being in love: Constructing identity through relationships
98946,10.1300/j041v01n02_01,J041,1994,Journal of Gay &amp; Lesbian Social Services,"1053-8720,1540-4056",True,True,True,True,True,1994,Introduction
98947,10.1300/j041v01n02_02,J041,1994,Journal of Gay &amp; Lesbian Social Services,"1053-8720,1540-4056",True,True,True,True,True,1994,Difference and diversity: gay and lesbian couples
98948,10.1300/j041v01n02_06,J041,1994,Journal of Gay &amp; Lesbian Social Services,"1053-8720,1540-4056",True,True,True,True,True,1994,Relationship characteristics of american gay and lesbian couples: Findings from a national survey
98949,10.1300/j041v01n01_07,J041,1994,Journal of Gay &amp; Lesbian Social Services,"1053-8720,1540-4056",True,True,True,True,True,1994,From desk volunteer to president emeritus-how sage influenced my coming out
98950,10.1300/j041v01n01_01,J041,1994,Journal of Gay &amp; Lesbian Social Services,"1053-8720,1540-4056",True,True,True,True,True,1994,Caregiver constellations:Caring for persons with aids
98951,10.1300/j041v01n01_04,J041,1994,Journal of Gay &amp; Lesbian Social Services,"1053-8720,1540-4056",True,True,True,True,True,1994,Communalization and homophile organization membership:Gay volunteerism before and during aids
98952,10.1300/j041v01n01_02,J041,1994,Journal of Gay &amp; Lesbian Social Services,"1053-8720,1540-4056",True,True,True,True,True,1994,Counseling gay males with aids:Psychosocial perspectives
98954,10.1300/j041v01n01_06,J041,1994,Journal of Gay &amp; Lesbian Social Services,"1053-8720,1540-4056",True,True,True,True,True,1994,Empowering gays and lesbians in the workplace
98955,10.1300/j041v01n01_08,J041,1994,Journal of Gay &amp; Lesbian Social Services,"1053-8720,1540-4056",True,True,True,True,True,1994,Diversity with a difference:On being old and lesbian
