paper_id,doi,year,surname,keep_author_id,keep_name,drop_author_ids,drop_names,positions,crossref_same_surname,crossref_authors,title,refused
18821,10.15270/44-4-227,2008,van delft,14085,"van Delft, Wilfred",149731;157482,Wilfred van Delft | Wilfred van Delft,1;1;1,2,2,OUTCOME OF ADOPTIONS: HAVE COUPLES REALISED THEIR DREAM?,crossref_has_two_of_this_surname
18821,10.15270/44-4-227,2008,van delft,14086,"van Delft, Trudie",149732;157483,Trudie van Delft | Trudie van Delft,2;2;2,2,2,OUTCOME OF ADOPTIONS: HAVE COUPLES REALISED THEIR DREAM?,crossref_has_two_of_this_surname
30273,10.1093/sw/47.3.209,2002,sherraden,24963,"Sherraden, MS",3139,"SHERRADEN, M",1;3,2,3,Innovation in social policy: Collaborative policy advocacy,crossref_has_two_of_this_surname
42377,10.15270/50-1-19,2014,louw,34388,"Louw, Dap",149859;157610,Dap Louw | Dap Louw,2;2;2,2,3,PATTERNS OF CONTACT AND INVOLVEMENT BETWEEN ADOLESCENTS AND THEIR NON-RESIDENT FATHERS,crossref_has_two_of_this_surname
42377,10.15270/50-1-19,2014,louw,38908,"Louw, Anet",149860;157611,Anet Louw | Anet Louw,3;3;3,2,3,PATTERNS OF CONTACT AND INVOLVEMENT BETWEEN ADOLESCENTS AND THEIR NON-RESIDENT FATHERS,crossref_has_two_of_this_surname
42975,10.15270/50-1-18,2014,singh,39693,"Singh, Annie",149657;157408,Annie Singh | Annie Singh,1;1;1,2,2,"A REVIEW OF LEGISLATION PERTAINING TO CHILDREN, WITH PARTICULAR EMPHASIS ON PROGRAMMES OFFERED TO CHILDREN AWAITING TRIA",crossref_has_two_of_this_surname
42975,10.15270/50-1-18,2014,singh,39694,"Singh, Vanessa",149658;157409,Vanessa Singh | Vanessa Singh,2;2;2,2,2,"A REVIEW OF LEGISLATION PERTAINING TO CHILDREN, WITH PARTICULAR EMPHASIS ON PROGRAMMES OFFERED TO CHILDREN AWAITING TRIA",crossref_has_two_of_this_surname
49580,10.1093/bjsw/bcp001,2010,monnickendam,45803,"Monnickendam, M. S.",45801,"Monnickendam, M.",3;1,2,3,Social Workers Serving Poor Clients: Perceptions of Poverty and Service Policy,crossref_has_two_of_this_surname
50590,10.15270/46-3-165,2010,reyneke,12669,"Reyneke, Roelf",149995;157746,Roelf Reyneke | Roelf Reyneke,1;1;1,2,2,EVALUATING THE APPLICATION OF RESTORATIVE JUSTICE AT THE MANGAUNG ONE-STOP CHILD JUSTICE CENTRE,crossref_has_two_of_this_surname
50590,10.15270/46-3-165,2010,reyneke,149996,Mariëtte Reyneke,157747,Mariëtte Reyneke,2;2,2,2,EVALUATING THE APPLICATION OF RESTORATIVE JUSTICE AT THE MANGAUNG ONE-STOP CHILD JUSTICE CENTRE,crossref_has_two_of_this_surname
50717,10.15270/46-2-172,2010,strydom,12897,"Strydom, Corinne",149711;157462,Corinne Strydom | Corinne Strydom,1;1;1,2,3,THE ROLE OF THE SOCIAL WORKER TO EMPOWER FAMILIES IN A DEEP RURAL COMMUNITY,crossref_has_two_of_this_surname
50717,10.15270/46-2-172,2010,strydom,12902,"Strydom, Herman",149625;157376,Herman Strydom | Herman Strydom,3;3;3,2,3,THE ROLE OF THE SOCIAL WORKER TO EMPOWER FAMILIES IN A DEEP RURAL COMMUNITY,crossref_has_two_of_this_surname
73197,10.1080/2156857x.2018.1555096,2020,bulow,78060,Bülow P.H.,78219,Bülow P.,4;5,2,6,Filling the gaps? The role of voluntary organizations in supporting older people with severe mental illnesses,crossref_has_two_of_this_surname
84855,10.1300/j125v01n03_08,1994,hoefer,89171,Hoefer R.M.,81182,Hoefer R.,2;1,2,3,Geographic information systems and human services,crossref_has_two_of_this_surname
88014,10.18060/23675,2020,choi,123702,Yoon Joon Choi,149213;156964,Yoon Joon Choi | Yoon Joon Choi,6;6;6,2,10,"Gender differences in intimate partner violence victimization, help-seeking, and outcomes among college students",crossref_has_two_of_this_surname
88014,10.18060/23675,2020,choi,123699,Ga-Young Choi,149211;156962,Ga-Young Choi | Ga-Young Choi,3;3;3,2,10,"Gender differences in intimate partner violence victimization, help-seeking, and outcomes among college students",crossref_has_two_of_this_surname
97134,10.1111/aswp.12270,2023,islam,98360,Islam M.R.,98364,Islam M.R.,1;5,2,6,Social behavior practices for child protection and well-being among low-income urban households in Bangladesh,crossref_has_two_of_this_surname
97146,10.1111/aswp.12256,2022,lee,98397,Lee S.Y.,98396,Lee S.,3;2,2,3,Association of ICT utilization level and life satisfaction of people with disabilities: Focus on differences in disabili,crossref_has_two_of_this_surname
97213,10.1111/aswp.12178,2019,lee,98554,Lee S.,98555,Lee S.,1;2,2,2,"Relationships among financial satisfaction, life satisfaction, and political action: A comparative study of the United S",crossref_has_two_of_this_surname
97305,10.1111/aswp.12058,2015,islam,98758,Islam M.R.,98770,Islam M.R.,4;1,2,4,Child Rights Practice among the Indigenous Communities in Bangladesh,crossref_has_two_of_this_surname
97358,10.1111/aswp.12003,2013,lee,98868,Lee S.,98871,Lee S.,1;4,2,4,It's More Than an M-shape: The Political Economy of Female Non-Standard Workers in the Republic of Korea,crossref_has_two_of_this_surname
97424,10.1111/j.1753-1411.2008.00013.x,2008,kim,98992,Kim S.,98993,Kim S.,1;2,2,2,Developmentalism in Korea: A useful tool for explaining the role of social security in the reduction of poverty and ineq,crossref_has_two_of_this_surname
97504,10.1080/02185385.2013.836982,2014,kim,99268,Kim S.W.,99189,Kim S.,3;1,2,3,"Poverty, income inequality and externalised problem behaviours of children: An empirical study in Korea",crossref_has_two_of_this_surname
97543,10.1080/02185385.2012.691719,2012,park,99262,Park H.,99263,Park H.,1;2,2,3,Validation of multidimensional scale of perceived social support in middle-aged Korean women with diabetes,crossref_has_two_of_this_surname
98472,10.1300/j051v12n04_05,2004,woody,101051,Woody D.J.,101050,Woody D.,2;1,2,2,"Parent effectiveness among single, low-income, African American mothers",crossref_has_two_of_this_surname
99213,10.1080/15426432.2014.873662,2014,chan,102365,Chan C.,102367,Chan C.,1;3,3,3,Translating Daoist Concepts into Integrative Social Work Practice: An Empowerment Program for Persons with Depressive Sy,crossref_has_two_of_this_surname
100297,10.31265/jcsw.v17i1.397,2022,ylinen,149539,Tyyne Ylinen,157290;107035,Tyyne Ylinen | Ylinen,1;1;1,3,4,Ethical challenges in gerontological social work in Finland during the Covid-19 pandemic,crossref_has_two_of_this_surname
100297,10.31265/jcsw.v17i1.397,2022,ylinen,149540,Vera Ylinen,157291,Vera Ylinen,2;2,3,4,Ethical challenges in gerontological social work in Finland during the Covid-19 pandemic,crossref_has_two_of_this_surname
100297,10.31265/jcsw.v17i1.397,2022,ylinen,149542,Satu Ylinen,157293,Satu Ylinen,4;4,3,4,Ethical challenges in gerontological social work in Finland during the Covid-19 pandemic,crossref_has_two_of_this_surname
100694,10.15270/40-3-335,2014,strydom,149625,Herman Strydom,157376;106685,Herman Strydom | Strydom,1;1;3,2,2,THE PSYCHO-SOCIAL CIRCUMSTANCES OF CAR GUARDS: INTERVENTIVE ROLES OF THE SOCIAL WORKER,crossref_has_two_of_this_surname
100694,10.15270/40-3-335,2014,strydom,149925,C Strydom,157676,C Strydom,2;2,2,2,THE PSYCHO-SOCIAL CIRCUMSTANCES OF CAR GUARDS: INTERVENTIVE ROLES OF THE SOCIAL WORKER,crossref_has_two_of_this_surname
109661,10.7202/1115903ar,2024,savard,125447,"Savard, Sébastien",126143;126160;126221;126266;126337,"Savard, Sébastien | Savard, Sébastien | Savard, Sébastien | Savard, Sébastien | Savard, Sébastien",1;1;1;1;1;1,2,6,Vers de nouvelles approches en santé mentale : possibilités et limites pour les francophones en situation minoritaire à ,crossref_has_two_of_this_surname
109661,10.7202/1115903ar,2024,savard,125450,"Savard, Jacinthe",126142;126159,"Savard, Jacinthe | Savard, Jacinthe",4;4;4,2,6,Vers de nouvelles approches en santé mentale : possibilités et limites pour les francophones en situation minoritaire à ,crossref_has_two_of_this_surname
109798,10.7202/1064658ar,2019,savoie,125782,"Savoie, Lise",125802;125823;125843;126345;126892,"Savoie, Lise | Savoie, Lise | Savoie, Lise | Savoie, Lise | Savoie, Lise",2;2;2;2;2;2,2,5,QUAND L’ÉTAT APPAUVRIT LES FEMMES: RÉALITÉS DE TRAVAILLEUSES DE SOINS À DOMICILE FRANCOPHONES AU NOUVEAU-BRUNSWICK,crossref_has_two_of_this_surname
109798,10.7202/1064658ar,2019,savoie,125825,"Savoie, Elda",125845,"Savoie, Elda",4;4,2,5,QUAND L’ÉTAT APPAUVRIT LES FEMMES: RÉALITÉS DE TRAVAILLEUSES DE SOINS À DOMICILE FRANCOPHONES AU NOUVEAU-BRUNSWICK,crossref_has_two_of_this_surname
109910,10.7202/1034143ar,2015,turcotte,125960,"Turcotte, Daniel",125971;126135;126171;126277;126310;126554;126800;126836;127080,"Turcotte, Daniel | Turcotte, Daniel | Turcotte, Daniel | Turcotte, Daniel | Turcotte, Daniel | Turcotte, Daniel | Turcotte, Daniel | Turcotte, Daniel | Turcotte, Daniel",3;3;3;3;3;3;3;3;3;3,2,4,Le placement auprès de personnes significatives au Québec: Portrait des enfants placés et du contexte d’intervention,crossref_has_two_of_this_surname
109910,10.7202/1034143ar,2015,turcotte,126134,"Turcotte, Geneviève",126170,"Turcotte, Geneviève",2;2,2,4,Le placement auprès de personnes significatives au Québec: Portrait des enfants placés et du contexte d’intervention,crossref_has_two_of_this_surname
109912,10.7202/1034141ar,2015,savard,125447,"Savard, Sébastien",126143;126160;126221;126266;126337,"Savard, Sébastien | Savard, Sébastien | Savard, Sébastien | Savard, Sébastien | Savard, Sébastien",5;5;5;5;5;5,2,6,Agir pour avoir accès à des services sociaux et de santé en français: Des Francophones en situation minoritaire nous ens,crossref_has_two_of_this_surname
109912,10.7202/1034141ar,2015,savard,125450,"Savard, Jacinthe",126142;126159,"Savard, Jacinthe | Savard, Jacinthe",4;4;4,2,6,Agir pour avoir accès à des services sociaux et de santé en français: Des Francophones en situation minoritaire nous ens,crossref_has_two_of_this_surname
110402,10.1142/S0219246210000033,2010,chan,127383,"Chan, Kam Wah",127386;127645,"Chan, Kam Wah | Chan, Kam Wah",1;1;1,2,2,Genealogy Of The Lone Parent,crossref_has_two_of_this_surname
110402,10.1142/S0219246210000033,2010,chan,127384,"Chan, Fung Yi",127387,"Chan, Fung Yi",2;2,2,2,Genealogy Of The Lone Parent,crossref_has_two_of_this_surname
114605,10.18060/183,2006,moore,134701,Sharon E. Moore,135079;135655;148247;155998,Sharon E. Moore | Sharon E. Moore | Sharon E. Moore | Sharon E. Moore,1;1;1;1;1,2,4,Effectively working with challenging clients who receive hunger service assistance: Case examples and eight recommended ,crossref_has_two_of_this_surname
114605,10.18060/183,2006,moore,134702,Cynthia A. Moore,148248;155999,Cynthia A. Moore | Cynthia A. Moore,2;2;2,2,4,Effectively working with challenging clients who receive hunger service assistance: Case examples and eight recommended ,crossref_has_two_of_this_surname
114654,10.18060/27,2002,ellis,134823,Rodney A. Ellis,135773;148367;156118,Rodney A. Ellis | Rodney A. Ellis | Rodney A. Ellis,1;1;1;1,2,3,Evaluating Kinship Care Alternatives: A Comparison of a Private Initiative to Traditional State Services,crossref_has_two_of_this_surname
114654,10.18060/27,2002,ellis,134824,Gary D. Ellis,148368;156119,Gary D. Ellis | Gary D. Ellis,2;2;2,2,3,Evaluating Kinship Care Alternatives: A Comparison of a Private Initiative to Traditional State Services,crossref_has_two_of_this_surname
114816,10.18060/2953,2013,hawkins,135213,Wesley Hawkins,135378;148712;156463,Wesley Hawkins | Wesley Hawkins | Wesley Hawkins,2;2;2;2,2,4,Attitudes Toward Interprofessional Collaboration Among Students in the Health Care Professions,crossref_has_two_of_this_surname
114816,10.18060/2953,2013,hawkins,135214,Michele Hawkins,148713;156464,Michele Hawkins | Michele Hawkins,3;3;3,2,4,Attitudes Toward Interprofessional Collaboration Among Students in the Health Care Professions,crossref_has_two_of_this_surname
117163,10.1080/1936928x.2014.999851,2015,briggs,140768,Adam C. Briggs,140937,Adam C. Briggs,3;3,2,3,Behavioral Health and Sociocultural Determinants of Corrections Involvement Among Vulnerable African American Females: H,crossref_has_two_of_this_surname
118348,10.15453/0191-5096.2109,1994,gary,145718,"Gary, Robenia Baker",153469,"Gary, Robenia Baker",1;1,2,2,The History of Social Work Education for Black People 1900-1930,crossref_has_two_of_this_surname
118348,10.15453/0191-5096.2109,1994,gary,145372,"Gary, Lawrence E.",153123,"Gary, Lawrence E.",2;2,2,2,The History of Social Work Education for Black People 1900-1930,crossref_has_two_of_this_surname
118375,10.15453/0191-5096.2137,1994,wolfe,145734,"Wolfe, Donald M.",153485,"Wolfe, Donald M.",2;2,2,3,With a Little Help from Our Friends: Social Support as a Source of Well-being and of Coping with Stress,crossref_has_two_of_this_surname
118375,10.15453/0191-5096.2137,1994,wolfe,145735,"Wolfe, Christopher R.",153486,"Wolfe, Christopher R.",3;3,2,3,With a Little Help from Our Friends: Social Support as a Source of Well-being and of Coping with Stress,crossref_has_two_of_this_surname
118982,10.15453/0191-5096.2789,2002,hibbeler,146178,"Hibbeler, Ted",153929,"Hibbeler, Ted",3;3,2,7,"The Hoop of Learning: A Holistic, Multisystemic Model for Facilitating Educational Resilience among Indigenous Students",crossref_has_two_of_this_surname
118982,10.15453/0191-5096.2789,2002,hibbeler,146179,"Hibbeler, Patricia",153930,"Hibbeler, Patricia",4;4,2,7,"The Hoop of Learning: A Holistic, Multisystemic Model for Facilitating Educational Resilience among Indigenous Students",crossref_has_two_of_this_surname
119094,10.15453/0191-5096.2918,2003,culhane,146257,"Culhane, Jennifer F.",154008,"Culhane, Jennifer F.",1;1,2,5,Prevalence of Child Welfare Services Involvement among Homeless and Low-Income Mothers: A Five-year Birth Cohort Study,crossref_has_two_of_this_surname
119094,10.15453/0191-5096.2918,2003,culhane,146261,"Culhane, Dennis",154012,"Culhane, Dennis",5;5,2,5,Prevalence of Child Welfare Services Involvement among Homeless and Low-Income Mothers: A Five-year Birth Cohort Study,crossref_has_two_of_this_surname
119734,10.15453/0191-5096.3632,2011,zhang,146788,"Zhang, Xiulan",154539,"Zhang, Xiulan",2;2,2,4,Health Service Access for Rural People Living with HIV/AIDS in China: A Critical Evaluation,crossref_has_two_of_this_surname
119734,10.15453/0191-5096.3632,2011,zhang,146790,"Zhang, Yurong",154541,"Zhang, Yurong",4;4,2,4,Health Service Access for Rural People Living with HIV/AIDS in China: A Critical Evaluation,crossref_has_two_of_this_surname
119974,10.15453/0191-5096.3937,2015,de marco,147041,"De Marco, Allison",154792,"De Marco, Allison",1;1,2,6,Can People Experiencing Homelessness Acquire Financial Assets?,crossref_has_two_of_this_surname
119974,10.15453/0191-5096.3937,2015,de marco,147042,"De Marco, Molly",154793,"De Marco, Molly",2;2,2,6,Can People Experiencing Homelessness Acquire Financial Assets?,crossref_has_two_of_this_surname
120041,10.15453/0191-5096.4011,2016,kernsmith,147106,"Kernsmith, Poco",154857,"Kernsmith, Poco",1;1,2,3,Fear and Misinformation as Predictors of Support for Sex Offender Management Policies,crossref_has_two_of_this_surname
120041,10.15453/0191-5096.4011,2016,kernsmith,147108,"Kernsmith, Roger",154859,"Kernsmith, Roger",3;3,2,3,Fear and Misinformation as Predictors of Support for Sex Offender Management Policies,crossref_has_two_of_this_surname
120144,10.15453/0191-5096.4218,2018,murshid,147248,"Murshid, Nadine Shaanta",154999,"Murshid, Nadine Shaanta",1;1,2,2,Women’s Experiences with Microfinance in Urban Bangladesh: Results from a Qualitative Study,crossref_has_two_of_this_surname
120144,10.15453/0191-5096.4218,2018,murshid,147249,"Murshid, Navine",155000,"Murshid, Navine",2;2,2,2,Women’s Experiences with Microfinance in Urban Bangladesh: Results from a Qualitative Study,crossref_has_two_of_this_surname
100254,10.31265/jcsw.v14i1.234,2019,ingunn,105259,Ingunn T.,105258,Ingunn,2;4,0,3,"The child, the parents, the family and the state: Chile and Norway compared",key_is_a_crossref_given_name
100258,10.31265/jcsw.v14i1.236,2019,ingunn,105259,Ingunn T.,105258,Ingunn,4;6,0,4,Children and childhood in Chile: Social worker perspectives,key_is_a_crossref_given_name
100522,10.22329/csw.v6i2.5750,2019,john,105377,John R.,105375,John,2;4,0,2,Introduction to the Special Issue on Spirituality,key_is_a_crossref_given_name
100548,10.22329/csw.v7i1.5776,2019,john,105377,John R.,105375,John,4;2,0,2,Introduction to the Second Issue on Spirituality,key_is_a_crossref_given_name
100693,10.15270/40-3-333,2014,hm,150240,"HM, de Vos",157991;105095,"HM, de Vos | HM",2;2;3,0,3,THE ATTITUDES OF OLDER SOUTH AFRICANS TOWARDS EUTHANASIA,key_is_a_crossref_given_name
100693,10.15270/40-3-333,2014,mc,150241,"MC, le Roux",157992;105702,"MC, le Roux | MC",3;3;5,0,3,THE ATTITUDES OF OLDER SOUTH AFRICANS TOWARDS EUTHANASIA,key_is_a_crossref_given_name
